TIMESTAMP,IRT5010C1xx24,TDR5010C10624,TDR5010C11824,TDR5010C13024,DEN5010C1xx24,Ta_2m_Avg,RH_2m_Avg,WndAveSpd_3m,WndAveDir_3m,PresAvg_1pnt5m,Solar_2m_Avg,Rain_1m_Tot,TaMax_2m,TaMin_2m,RHMax_2m,RHMin_2m,cwsi,swsi,eto,etc,kc
2024-07-16 08:00:00,,,,,322.3147,21.100666666666665,86.01833333333335,1.1824,312.325,915.6409783333334,262.51666666666665,0.0,21.2485,20.950666666666667,86.55,85.502,,,,,
2024-07-16 09:00:00,,,,,419.2334,22.826666666666664,77.30199999999999,1.3425,297.865,915.9704933333334,419.6666666666667,0.0,22.97233333333333,22.664166666666667,78.09333333333333,76.539,,,,,
2024-07-16 10:00:00,,,,,,24.834333333333333,70.13266666666667,1.4653333333333334,277.0328333333334,916.167125,593.6216666666667,0.0,24.98166666666667,24.67633333333333,70.99383333333334,69.37266666666666,,,,,
2024-07-16 11:00:00,,,,,,26.9995,62.31433333333334,1.3273166666666667,287.97333333333336,915.9939466666668,726.9233333333334,0.0,27.152833333333334,26.8315,63.06183333333333,61.60583333333333,,,,,
2024-07-16 12:00:00,,,,,,29.1665,53.23316666666666,1.8881,230.6,915.89625,824.7033333333333,0.0,29.323666666666668,28.9965,54.04533333333333,52.48966666666667,,,,,
2024-07-16 13:00:00,27.36431,22.320000000000004,18.5,13.97,2750.8555,31.0415,45.561,1.6728166666666666,253.3673333333333,915.595365,856.475,0.0,31.213,30.8575,46.447,44.61466666666667,0.235767003354994,0.345054945054945,,,
2024-07-16 14:00:00,27.81795,22.291665,18.5,13.983335000000002,2742.5085,31.907333333333334,41.36516666666667,1.707,198.27791666666664,915.2775533333332,874.7833333333333,0.0,32.07233333333333,31.732333333333333,42.59583333333333,40.337833333333336,0.3637903858499815,0.3456543456543458,,,
2024-07-16 15:00:00,27.661615,22.2,18.491665,13.975,2716.9370000000004,32.194,39.52216666666666,1.8047,85.12506666666667,914.9160183333332,803.45,0.0,32.358333333333334,32.02,40.71216666666667,38.50566666666667,0.7459709638902486,0.349983416583417,,,
2024-07-16 16:00:00,27.68806,22.166665,18.491665,13.925,2697.2475,32.444,36.62883333333333,1.5710666666666666,82.70041666666665,914.7791533333332,694.1800000000001,0.0,32.601,32.2715,37.4935,35.900333333333336,0.8596554611108163,0.3533134865134867,,,
2024-07-16 17:00:00,27.27763,22.100000000000005,18.5,13.9,2682.945,32.54683333333333,36.814,1.6275166666666665,83.86200000000001,914.2600266666668,549.1466666666668,0.0,32.708666666666666,32.38466666666667,37.70966666666666,36.09016666666666,1.7465790786582616,0.3566433566433566,,,
2024-07-16 18:00:00,23.88176,22.100000000000005,18.48,13.839999999999998,2664.655,28.513666666666666,47.3275,2.6488,61.2755,914.6243333333332,301.76166666666666,0.0,28.68283333333333,28.33566666666667,48.00066666666667,46.72316666666666,,0.3598401598401598,,,
2024-07-16 19:00:00,24.142350000000004,22.100000000000005,18.48333,,2218.16,26.654333333333334,65.8245,2.26135,94.32933333333334,914.9770016666666,191.9883333333333,0.0,26.8005,26.48983333333333,66.20333333333333,65.43900000000001,,0.3597070929070927,,,
2024-07-16 20:00:00,,,,,686.9198,24.620833333333334,71.54516666666667,1.9113666666666669,104.151,916.1745233333334,53.38441666666667,0.0084666666666666,24.77533333333333,24.459166666666665,72.0635,71.05083333333333,,,,,
2024-07-16 21:00:00,,,,,,19.87283333333333,80.65316666666666,1.5461833333333332,106.67566666666669,917.162995,0.01325,0.0,20.02533333333333,19.714,80.97233333333334,80.34066666666666,,,,,
2024-07-16 22:00:00,,,,,,18.383666666666667,87.725,0.6780666666666666,112.91321666666666,917.9952283333332,0.0,0.0,18.52583333333333,18.230166666666666,87.97666666666667,87.47166666666666,,,,,
2024-07-16 23:00:00,,,,,,17.5045,92.205,0.9878166666666668,164.17683333333335,918.7502866666669,0.0,0.0,17.64783333333333,17.345000000000002,92.38166666666666,92.02833333333334,,,,,
2024-07-17 00:00:00,,,,,,17.148833333333336,94.24166666666666,0.3620333333333334,35.24966666666667,919.0379166666668,0.0,0.0,17.28933333333333,16.993333333333332,94.42,94.045,,,4.217631211496008,5.06115745379521,1.2
2024-07-17 01:00:00,,,,,,16.170333333333335,96.54333333333334,0.4352666666666666,100.97833333333332,918.98366,0.0,0.0,16.312666666666665,16.007333333333335,96.70166666666668,96.37833333333332,,,,,
2024-07-17 02:00:00,,,,,,15.153666666666668,97.56833333333334,0.3354999999999999,94.85166666666667,918.8655216666668,0.0,0.0,15.2975,15.0,97.72833333333332,97.38333333333334,,,,,
2024-07-17 03:00:00,,,,,,14.404166666666669,98.42833333333331,1.0531333333333337,177.075,919.6361283333332,0.0,0.0,14.543333333333331,14.269,98.58666666666666,98.26166666666668,,,,,
2024-07-17 04:00:00,,,,,,13.946,98.86833333333334,0.7898833333333334,156.02333333333334,920.019405,0.0,0.0,14.090333333333332,13.803333333333336,99.005,98.71333333333334,,,,,
2024-07-17 05:00:00,,,,,,13.100166666666668,98.76833333333336,0.7944333333333333,167.985,920.46607,0.0,0.0,13.2405,12.9505,98.90333333333334,98.615,,,,,
2024-07-17 06:00:00,,,,,,12.881833333333333,98.92166666666668,0.9594166666666666,177.8766666666667,920.9917316666669,4.9455,0.0,13.020166666666666,12.722333333333331,99.06,98.76333333333334,,,,,
2024-07-17 07:00:00,,,,,,15.866666666666667,98.17166666666668,0.7324166666666667,44.937333333333335,921.3315166666667,99.2625,0.0,16.012999999999998,15.7155,98.34833333333331,97.99,,,,,
2024-07-17 08:00:00,17.04989,22.158330000000003,18.491665,13.791665,2664.5155,19.063333333333333,88.85166666666667,1.2716833333333333,52.997166666666665,921.841135,268.47166666666664,0.0,19.208166666666667,18.9055,89.30333333333333,88.40666666666667,,0.3589746253746254,,,
2024-07-17 09:00:00,20.63725,22.158330000000003,18.5,13.833329999999998,2664.512,21.279333333333334,81.78566666666667,1.4994666666666667,77.71883333333334,922.3753066666668,390.7766666666666,0.0,21.43433333333333,21.142,82.61033333333333,81.02433333333333,,0.3569766233766229,,,
2024-07-17 10:00:00,23.603130000000004,22.175,18.475,13.808335,2664.8185,23.47,73.2655,2.7042333333333333,58.36666666666667,922.1854183333332,567.58,0.0,23.610833333333336,23.304666666666662,74.12316666666668,72.44383333333333,,0.3583082917082917,,,
2024-07-17 11:00:00,24.33873,22.100000000000005,18.491665,13.775,2664.9640000000004,25.5165,65.40383333333334,2.4307666666666665,62.35,922.265835,694.06,0.0,25.665333333333333,25.358,66.38166666666667,64.52833333333334,,0.361971428571428,,,
2024-07-17 12:00:00,25.92434,22.05833,18.491665,13.81667,2664.9,27.000333333333334,57.35666666666667,2.568766666666667,61.630833333333335,922.27341,819.0,0.0,27.171666666666667,26.811333333333334,58.485,56.36783333333334,,0.3619714285714284,,,
2024-07-17 13:00:00,26.6492,22.0,18.5,13.825,2664.268,27.210500000000003,55.379666666666665,2.5112,72.87816666666666,922.0416083333332,751.2433333333333,0.0,27.393,27.017666666666667,56.25083333333334,54.55083333333334,,0.3636363636363635,,,
2024-07-17 14:00:00,27.431265,22.0,18.5,13.78333,2663.403,27.74833333333333,53.88466666666667,2.6316333333333333,62.0515,921.7836216666668,681.58,0.0,27.942833333333333,27.556,54.755,53.060833333333335,,0.3653014985014983,,,
2024-07-17 15:00:00,27.5157,21.95833,18.425,13.725,2662.46,27.38083333333333,53.54733333333333,2.3626666666666667,73.16683333333334,921.4680283333332,452.4933333333333,0.0,27.547,27.204,54.27283333333333,52.89383333333333,,0.3722945054945059,,,
2024-07-17 16:00:00,26.477735,21.891665,18.491665,13.7,2661.8895,28.308,50.38466666666667,2.037583333333333,87.56566666666666,921.1159766666666,617.855,0.0,28.471666666666668,28.133,51.09883333333333,49.80416666666667,0.0979478263299336,0.3732935064935068,,,
2024-07-17 17:00:00,26.60843,21.899999999999995,18.458335,13.699999999999998,2660.6555000000003,27.262666666666668,52.6415,1.5854333333333337,85.575,920.895245,308.49666666666667,0.0,27.421,27.096,53.04616666666666,52.2435,,0.374292307692308,,,
2024-07-17 18:00:00,24.970015,21.883335,18.491665,13.699999999999998,2660.488,26.388666666666666,54.23616666666667,1.6771,107.7705,920.802555,231.3683333333333,0.0,26.5285,26.239833333333333,54.5455,53.94133333333333,,0.3736263736263737,,,
2024-07-17 19:00:00,24.217775000000003,21.841665000000003,18.45,13.708335,2660.2000000000003,25.55033333333333,55.89883333333333,1.8688166666666668,136.37833333333333,920.8599266666666,114.2435,0.0,25.691666666666663,25.395166666666668,56.11016666666667,55.7015,,0.3766233766233764,,,
2024-07-17 20:00:00,22.82404,21.858335,18.44167,13.64167,2660.0585,24.16,60.4215,1.4986333333333337,147.07833333333335,921.3250383333332,10.924433333333331,0.0,24.3105,24.004166666666663,60.56733333333333,60.278666666666666,,0.3789540459540461,,,
2024-07-17 21:00:00,21.74059,21.891665,18.45833,13.699999999999998,2660.0525,23.2315,63.462,2.065,151.03833333333333,921.477875,0.0,0.0,23.368,23.0715,63.584,63.342666666666666,,0.3746255744255746,,,
2024-07-17 22:00:00,21.87754,21.899999999999995,18.408335,13.699999999999998,2660.051,22.9385,65.75566666666667,1.6053,135.8735,921.4771383333332,0.0,0.0,23.08233333333333,22.780833333333337,65.88583333333334,65.62883333333333,,0.3762903096903097,,,
2024-07-17 23:00:00,21.033535,21.899999999999995,18.475,13.683335,2660.051,22.1355,68.68983333333334,1.3555,120.471,922.1145383333334,0.0,0.0,22.279333333333334,21.99633333333333,68.88033333333333,68.50066666666666,,0.374292307692308,,,
2024-07-18 00:00:00,19.7718,21.899995,18.41667,13.675,2660.051,20.756500000000003,73.4935,1.14795,165.165,922.5979633333334,0.0,0.0,20.90333333333333,20.604,73.66883333333334,73.32,,0.3769564435564437,5.490919466183446,6.589103359420135,1.2
2024-07-18 01:00:00,17.284834999999998,21.899999999999995,18.408335,13.699999999999998,2660.051,18.72683333333333,82.73649999999999,1.1707166666666666,195.42,922.475665,0.0,0.0,18.8655,18.5625,82.93966666666667,82.52433333333333,,0.3762903096903097,,,
2024-07-18 02:00:00,16.087410000000002,21.891665,18.458335,13.699999999999998,2660.051,17.663999999999998,85.26333333333334,0.9174666666666668,183.8933333333333,922.4140083333332,0.0,0.0,17.806166666666666,17.505,85.49499999999999,85.02833333333334,,0.3746253746253746,,,
2024-07-18 03:00:00,14.9412,21.891665,18.408335,13.666665,2660.051,15.3235,92.93666666666668,1.2555166666666666,186.795,922.2492366666668,0.0,0.0,15.468666666666667,15.171166666666666,93.14166666666668,92.71833333333332,,0.3779554445554446,,,
2024-07-18 04:00:00,13.9858,21.899999999999995,18.466665,13.675,2660.051,15.370666666666668,93.52333333333333,1.2040833333333334,199.5366666666667,922.2019866666668,0.0,0.0,15.511666666666668,15.217,93.79333333333334,93.25333333333332,,0.3749584415584419,,,
2024-07-18 05:00:00,13.938815,21.899999999999995,18.466665,13.683335,2660.051,14.749166666666667,94.67666666666668,0.4041333333333333,100.31883333333332,922.41782,0.0,0.0,14.8915,14.599333333333334,94.95333333333332,94.40333333333334,,0.3746253746253753,,,
2024-07-18 06:00:00,13.20155,21.899999999999995,18.433335,13.699999999999998,2660.051,14.534333333333333,96.46166666666666,0.5593166666666666,133.01666666666668,922.6358583333332,3.7917,0.0,14.685166666666667,14.3855,96.64,96.26333333333334,,0.3752913086913089,,,
2024-07-18 07:00:00,14.11436,21.899999999999995,18.48333,13.658335,2660.051,15.509166666666664,94.97166666666666,0.1946166666666666,28.326666666666664,922.8274316666668,88.146,0.0,15.6595,15.347166666666668,95.19333333333334,94.72833333333332,,0.3749584415584419,,,
2024-07-18 08:00:00,17.576845000000002,21.891665,18.458335,13.683335,2660.0525,19.525,76.8115,2.4138333333333337,165.72166666666666,922.84125,262.04833333333335,0.0,19.669666666666668,19.369666666666667,77.17883333333333,76.47,,0.3752913086913089,,,
2024-07-18 09:00:00,21.478235,21.891665,18.48333,13.708335,2659.8245,22.0355,66.521,3.41665,177.97833333333335,922.7054883333332,435.4316666666667,0.0,22.19783333333333,21.882166666666667,66.944,66.09566666666666,,0.3732935064935068,,,
2024-07-18 10:00:00,23.99143,21.833335,18.46667,13.699999999999998,2654.4635000000003,24.3195,58.64483333333333,3.9779166666666654,189.5883333333333,922.4323483333334,586.3933333333333,0.0,24.482000000000003,24.151166666666665,59.179,58.16566666666667,,0.3766231768231767,,,
2024-07-18 11:00:00,25.283355,21.8,18.45,13.666665,2635.6385,26.198666666666668,51.978,4.1493,191.76666666666668,922.1917583333332,710.7683333333333,0.0,26.370833333333334,26.032,52.50116666666667,51.4665,,0.3799534465534467,,,
2024-07-18 12:00:00,26.20437,21.766665,18.45,13.666665,2618.697,27.561,48.2135,4.074933333333333,184.71166666666667,921.83805,811.23,0.0,27.729,27.38683333333333,48.74566666666667,47.7425,0.2109969632228923,0.3812855144855145,,,
2024-07-18 13:00:00,27.14209,21.7,18.408335,13.625,2600.5925,28.872666666666664,44.2285,3.7894,180.185,921.4009066666666,862.5166666666667,0.0,29.038833333333333,28.68733333333333,44.78566666666666,43.723,0.3399780484868721,0.3872793206793205,,,
2024-07-18 14:00:00,27.872100000000003,21.64167,18.416665,13.575,2583.198,30.10533333333333,40.67100000000001,3.508433333333333,181.47,920.8072816666668,861.3666666666667,0.0,30.2775,29.916666666666668,41.23866666666667,40.16,0.5995963720847126,0.3912753246753244,,,
2024-07-18 15:00:00,28.32043,21.600000000000005,18.41667,13.533335,2568.6485,30.70383333333333,39.89433333333333,3.6328833333333335,165.71,920.2955216666668,772.2516666666667,0.0,30.8785,30.514333333333333,40.3485,39.47583333333333,0.9967247186852668,0.3946051948051947,,,
2024-07-18 16:00:00,28.271615,21.533330000000003,18.4,13.458329999999998,2559.732,30.996,37.94683333333333,3.2146833333333333,157.095,919.8663616666666,630.2483333333333,0.0,31.168,30.81883333333333,38.34016666666666,37.56816666666667,1.5318883170720634,0.4009326673326674,,,
2024-07-18 17:00:00,28.22352,21.5,18.4,13.416670000000002,2558.6175,31.18533333333333,38.155,3.456533333333333,157.37833333333336,919.376805,518.3466666666667,0.0,31.3545,30.997,38.526833333333336,37.81633333333333,,0.4039292707292706,,,
2024-07-18 18:00:00,28.05975,21.5,18.4,13.375,2557.8585,30.860666666666667,39.38216666666666,3.2282,154.5366666666667,918.8851166666668,343.32166666666666,0.0,31.019166666666667,30.6965,39.65766666666666,39.12966666666667,,0.4055944055944055,,,
2024-07-18 19:00:00,27.32933,21.483335,18.4,13.31667,2557.9955,29.4225,45.18683333333333,3.315166666666667,151.1266666666667,918.6639416666666,175.90666666666667,0.0,29.55883333333333,29.267666666666667,45.3785,44.98216666666666,,0.4085912087912091,,,
2024-07-18 20:00:00,25.937125,21.491665,18.4,13.333335,2557.748,27.368,52.452666666666666,2.8913,148.52833333333334,918.7556383333334,44.46891666666667,0.0,27.508166666666668,27.21966666666667,52.59316666666667,52.314,,0.4075924075924076,,,
2024-07-18 21:00:00,23.620725000000004,21.5,18.4,13.35,2558.0655,25.149833333333333,57.518166666666666,2.51445,151.78833333333333,919.1459883333332,0.0,0.0,25.292666666666666,24.999333333333333,57.637166666666666,57.3985,,0.4065934065934067,,,
2024-07-18 22:00:00,22.126545000000004,21.5,18.391665,13.308335,2558.128,23.79416666666667,59.72866666666667,2.5723166666666666,154.17999999999998,919.412485,0.0,0.0,23.9425,23.643,59.851,59.61016666666667,,0.4085914085914085,,,
2024-07-18 23:00:00,21.22671,21.5,18.375,13.300000000000002,2558.251,22.801,62.74466666666667,3.3638,158.09,919.4923133333334,0.0,0.0,22.946666666666665,22.660666666666664,62.86683333333334,62.63,,0.4095904095904094,,,
2024-07-19 00:00:00,21.04196,21.491665,18.4,13.38333,2558.6845,22.3025,64.02016666666667,4.020783333333333,162.84,919.1662566666668,0.0,0.0,22.441666666666663,22.1565,64.15316666666666,63.90783333333333,,0.4055946053946052,3.4396898261783626,4.127627791414035,1.2
2024-07-19 01:00:00,20.397805,21.5,18.35833,13.300000000000002,2559.056,21.5695,67.41116666666667,4.019116666666666,165.78333333333333,918.99532,0.0,0.0,21.706833333333336,21.434833333333334,67.53366666666666,67.29683333333334,,0.4102565434565436,,,
2024-07-19 02:00:00,19.935565,21.5,18.391665,13.308335,2559.056,20.92533333333333,70.71466666666667,4.017716666666667,171.6266666666667,918.5647166666666,0.0,0.0,21.0665,20.777833333333334,70.85566666666666,70.57966666666667,,0.4085914085914085,,,
2024-07-19 03:00:00,19.14926,21.5,18.4,13.3,2559.056,20.07133333333333,75.28833333333334,2.2947333333333333,158.04666666666665,918.4417016666666,0.0,0.0,20.2085,19.920166666666667,75.43116666666667,75.14733333333334,,0.4085914085914085,,,
2024-07-19 04:00:00,17.879904999999997,21.5,18.4,13.308335,2559.056,19.345666666666663,79.144,1.887133333333333,156.70166666666668,918.5114616666668,0.0,0.0,19.48933333333333,19.19,79.28366666666668,78.997,,0.4082583416583418,,,
2024-07-19 05:00:00,17.346974999999997,21.5,18.4,13.300000000000002,2559.056,18.719,82.73,1.6544,160.63166666666666,918.4930866666668,0.0,0.0,18.854666666666667,18.56866666666667,82.87166666666667,82.575,,0.4085914085914085,,,
2024-07-19 06:00:00,16.848775,21.483335,18.4,13.316665,2559.1175,18.26083333333333,85.61833333333334,1.6767666666666663,162.21166666666667,918.291295,2.547883333333333,0.0,18.402166666666663,18.102,85.76333333333334,85.46166666666666,,0.4085914085914085,,,
2024-07-19 07:00:00,17.4463,21.5,18.391665,13.341665,2564.4395,18.8915,84.48166666666665,2.6945666666666668,173.605,918.1616916666668,37.112,0.0,19.031,18.73,84.61,84.33666666666666,,0.4072595404595403,,,
2024-07-19 08:00:00,19.112605,21.5,18.4,13.308335,2572.423,20.2645,80.24816666666668,3.013383333333333,173.505,918.1176083333334,124.719,0.0,20.410166666666665,20.1075,80.42183333333334,80.07533333333332,,0.4082583416583418,,,
2024-07-19 09:00:00,21.892245000000003,21.5,18.4,13.316665,2572.423,22.77533333333333,70.81066666666668,3.65915,181.43,918.22718,336.3016666666666,0.0,22.932666666666663,22.626666666666665,71.17716666666666,70.4625,,0.4079254745254746,,,
2024-07-19 10:00:00,24.06171,21.450000000000003,18.408335,13.300000000000002,2572.0585,24.622166666666665,64.73383333333334,3.264533333333333,209.29166666666663,918.507025,309.1183333333333,0.0,24.76633333333333,24.46216666666667,65.1395,64.36866666666667,,0.4102563436563436,,,
2024-07-19 11:00:00,24.774425,21.424995,18.4,13.291665,2571.37,26.0265,60.72383333333333,0.9743333333333334,206.2295,918.5659133333334,468.29833333333335,0.0,26.174166666666668,25.86916666666667,61.15833333333333,60.31166666666666,,0.4119216783216785,,,
2024-07-19 12:00:00,26.992735,21.399995,18.391665,13.258335,2571.5855,27.220666666666663,56.55683333333333,2.0113333333333334,198.27623333333327,918.211885,372.1859166666666,0.0,27.373833333333334,27.049666666666667,56.94416666666667,56.189166666666665,,0.4145856143856145,,,
2024-07-19 13:00:00,21.096045,21.325,18.4,13.225,2571.484,20.343,80.62633333333333,3.3409,245.34356666666665,919.0101633333333,3.7217,0.0084666666666666,20.515,20.168333333333333,81.29183333333334,79.99316666666667,,0.4185814185814187,,,
2024-07-19 14:00:00,18.57218,21.391665,18.391665,13.266664999999998,2571.0665,21.8915,83.16383333333333,2.340233333333333,118.12433333333334,916.4881516666668,278.6661666666667,0.0042333333333333,22.0665,21.718833333333336,83.94149999999999,82.42616666666666,,0.4145856143856145,,,
2024-07-19 15:00:00,25.760205,21.399999999999995,18.366665,13.283335,2571.775,26.00483333333333,75.7105,1.5972166666666667,171.76715000000002,916.42985,692.185,0.0042333333333333,26.17183333333333,25.837,77.17533333333333,74.36066666666667,,0.4145854145854148,,,
2024-07-19 16:00:00,29.237915,21.333335,18.391665,13.283335,2571.9615,28.37833333333333,66.95816666666666,2.632766666666667,137.1201,916.2361966666666,677.6283333333333,0.0,28.52983333333333,28.220166666666668,68.0995,65.866,,0.4162503496503499,,,
2024-07-19 17:00:00,28.63399,21.3,18.391665,13.23333,2571.738,28.377333333333336,62.57,3.61595,55.41433333333334,916.1333533333332,458.45,0.0,28.531166666666664,28.210500000000003,63.19949999999999,61.9545,,0.4195806193806196,,,
2024-07-19 18:00:00,26.664990000000003,21.275,18.391665,13.208335,2571.1275,27.043333333333333,66.11583333333333,2.06685,67.17783333333334,916.6183033333332,228.02666666666667,0.0,27.202166666666667,26.86616666666667,66.52633333333333,65.718,,0.4215784215784214,,,
2024-07-19 19:00:00,25.06553,21.3,18.391665,13.208335,2571.3275,24.6565,75.62233333333333,2.329466666666667,59.255,917.1148133333334,23.4527,0.0,24.799166666666668,24.505166666666664,75.859,75.373,,0.4205794205794208,,,
2024-07-19 20:00:00,22.899935,21.3,18.391665,13.21667,2570.9500000000003,23.26333333333333,82.32266666666666,1.2379833333333332,119.76166666666668,916.27153,26.33785,0.0,23.410500000000003,23.114166666666662,82.50633333333333,82.13433333333334,,0.4202463536463539,,,
2024-07-19 21:00:00,20.433525,21.3,18.4,13.191665,2570.938,21.396833333333333,91.62833333333332,0.4850833333333333,59.79683333333333,917.29006,0.0,0.0,21.53933333333333,21.244833333333336,91.81333333333332,91.44,,0.4209124875124875,,,
2024-07-19 22:00:00,19.783675,21.3,18.391665,13.199999999999998,2570.938,20.706666666666667,92.93,0.4401166666666666,65.10283333333334,917.6494016666668,0.0,0.0,20.856166666666663,20.549,93.095,92.73166666666664,,0.4209124875124875,,,
2024-07-19 23:00:00,18.707305,21.3,18.33333,13.199999999999998,2570.938,19.34233333333333,96.48166666666664,0.6617666666666667,45.64278333333333,917.19355,0.0,0.0,19.486666666666668,19.1885,96.63333333333334,96.31333333333332,,0.4232435564435565,,,
2024-07-20 00:00:00,18.9833,21.3,18.391665,13.208335,2570.938,19.6665,96.16,1.5356,66.725,918.33683,0.0,0.0,19.8045,19.512,96.315,96.0,,0.4205794205794208,4.491893471386112,5.390272165663334,1.2
2024-07-20 01:00:00,19.381400000000003,21.3,18.4,13.199999999999998,2571.1235,19.724,95.835,0.9775833333333334,83.93486666666666,919.018395,0.0,0.0,19.8615,19.58533333333333,95.98666666666666,95.7,,0.4205794205794205,,,
2024-07-20 02:00:00,19.4963,21.3,18.4,13.166670000000002,2578.8585,19.729666666666667,94.83,0.70685,79.31016666666666,918.8600333333331,0.0,0.0,19.872166666666665,19.583,94.96333333333334,94.68833333333332,,0.4219112887112887,,,
2024-07-20 03:00:00,19.209575,21.3,18.38333,13.199999999999998,2582.819,19.41583333333333,95.45333333333332,1.2422333333333335,48.04643333333333,918.5420383333332,0.0,0.0,19.56833333333333,19.253,95.59166666666668,95.285,,0.4212455544455548,,,
2024-07-20 04:00:00,19.3511,21.3,18.391665,13.208335,2582.819,19.468666666666667,95.20666666666666,0.90825,28.1925,918.7916866666668,0.0,0.0,19.620166666666663,19.315666666666665,95.33833333333334,95.04,,0.4205794205794208,,,
2024-07-20 05:00:00,19.533875,21.3,18.4,13.199999999999998,2582.8205000000003,19.621166666666667,93.43,1.46055,25.31548333333333,919.2274216666668,0.0,0.0,19.759833333333336,19.474833333333333,93.56833333333334,93.26833333333336,,0.4205794205794205,,,
2024-07-20 06:00:00,19.41409,21.3,18.366665,13.175,2582.822,19.4865,92.74666666666668,1.358766666666667,31.2385,919.711,0.4582333333333333,0.0,19.63066666666667,19.332666666666668,92.885,92.6,,0.4229104895104892,,,
2024-07-20 07:00:00,19.410035,21.3,18.391665,13.166670000000002,2582.8245,19.131666666666668,93.82166666666669,1.79915,236.1099,919.928825,24.69128333333333,0.0,19.27733333333333,18.97883333333333,93.96333333333334,93.65833333333332,,0.4222443556443556,,,
2024-07-20 08:00:00,19.262015,21.3,18.391665,13.199999999999998,2582.822,18.498833333333334,95.93333333333334,1.887983333333333,99.19101666666668,920.3121733333334,60.15,0.0,18.64816666666667,18.34583333333333,96.09,95.78166666666668,,0.4209124875124875,,,
2024-07-20 09:00:00,19.66485,21.291665,18.391665,13.175,2582.845,19.348333333333336,91.99666666666668,1.88955,225.30713333333333,920.5787616666668,201.65,0.0,19.4885,19.200333333333333,92.345,91.64333333333336,,0.4222445554445557,,,
2024-07-20 10:00:00,22.543675,21.291665,18.38333,13.199999999999998,2583.108,21.96783333333333,79.459,2.0124833333333334,152.51086666666666,920.7854383333334,488.4766666666666,0.0,22.12366666666667,21.8125,80.16183333333333,78.7525,,0.4215786213786214,,,
2024-07-20 11:00:00,24.966295,21.291665,18.4,13.166670000000002,2583.272,25.040000000000003,61.95116666666667,2.5462333333333333,140.17288333333332,920.7672366666668,699.755,0.0,25.19816666666667,24.863666666666667,63.064,60.98033333333333,,0.4222443556443556,,,
2024-07-20 12:00:00,26.143075,21.241665,18.391665,13.199999999999998,2583.44,26.58966666666667,49.872166666666665,3.79085,30.039566666666666,920.7857283333334,818.2683333333333,0.0,26.748,26.430333333333333,50.84066666666667,49.02283333333333,,0.4232435564435565,,,
2024-07-20 13:00:00,26.26576,21.166665,18.391665,13.166665,2581.6875,27.314166666666665,48.525,3.3874166666666667,39.07441666666667,920.89336,829.765,0.0,27.488,27.131500000000003,49.56966666666666,47.43516666666667,,0.4275726273726274,,,
2024-07-20 14:00:00,25.963130000000003,21.1,18.366665,13.1,2580.226,27.49866666666667,45.91933333333333,3.7536166666666655,39.22671666666667,920.634275,754.6716666666667,0.0,27.666166666666665,27.321,47.00216666666667,44.873666666666665,0.3684147329707615,0.4338995004995004,,,
2024-07-20 15:00:00,26.4109,21.05,18.35,13.075,2571.063,27.936333333333334,43.85666666666667,3.5459666666666667,31.8735,920.3435883333332,750.715,0.0,28.088,27.757,44.945166666666665,42.77783333333333,0.2867315351129205,0.4375624375624373,,,
2024-07-20 16:00:00,25.737365,21.0,18.325,13.050000000000002,2565.614,27.831833333333336,43.81133333333333,3.6728666666666654,45.78566666666666,920.2149616666668,656.815,0.0,27.98783333333333,27.66583333333333,44.6905,42.99083333333333,1.143103681626738,0.4415584415584415,,,
2024-07-20 17:00:00,26.0813,21.0,18.34167,13.016664999999998,2564.487,27.2335,46.41433333333334,2.86815,50.60666666666667,920.3455583333332,484.8083333333333,0.0,27.386333333333333,27.07433333333333,47.276833333333336,45.57716666666667,0.2916963400842827,0.4422243756243758,,,
2024-07-20 18:00:00,25.47629,21.033335,18.35833,13.0,2564.621,26.7,48.36383333333333,2.33355,58.325500000000005,919.9565233333334,335.06666666666666,0.0,26.84433333333333,26.54233333333333,48.862,47.901,,0.4408925074925076,,,
2024-07-20 19:00:00,24.37459,21.058335,18.4,13.033335,2565.8740000000003,25.48933333333333,53.72616666666667,1.2804666666666666,72.46883333333334,920.1432183333332,150.37449999999998,0.0,25.6305,25.35,54.10666666666667,53.35583333333333,,0.4368963036963036,,,
2024-07-20 20:00:00,21.8852,21.05,18.34167,13.0,2566.482,23.683666666666667,60.2305,0.4242499999999999,90.893,920.6232133333334,26.496966666666665,0.0,23.8295,23.53033333333333,60.481,60.015,,0.4408923076923076,,,
2024-07-20 21:00:00,18.770285,21.05833,18.358335,13.03333,2569.7000000000003,21.088166666666663,68.23866666666667,0.29245,112.49666666666668,921.0037316666666,0.0458666666666666,0.0,21.238166666666665,20.9405,68.46700000000001,68.0285,,0.4385616383616382,,,
2024-07-20 22:00:00,16.584149999999998,21.01667,18.38333,13.016664999999998,2603.7365,17.750833333333333,81.07783333333333,0.40475,109.43166666666666,921.5727383333334,0.0,0.0,17.906166666666664,17.5865,81.3605,80.82783333333333,,0.4398935064935067,,,
2024-07-20 23:00:00,15.103975,21.008335,18.316665,13.0,2603.613,15.1705,89.95666666666666,1.27205,192.545,921.7404266666668,0.0,0.0,15.3165,15.016666666666667,90.13666666666668,89.75,,0.4435564435564436,,,
2024-07-21 00:00:00,14.0448,21.0,18.375,13.0,2603.613,13.957333333333333,93.58333333333331,1.303,193.7866666666667,922.1937966666668,0.0,0.0,14.098333333333333,13.819666666666668,93.73166666666664,93.40666666666668,,0.4415584415584418,4.218492536279678,5.062191043535614,1.2
2024-07-21 01:00:00,13.31589,21.05,18.358335,13.008335,2604.1715,13.2495,95.45166666666668,1.38235,191.63666666666668,922.377665,0.0,0.0,13.389333333333331,13.101333333333336,95.60666666666664,95.30166666666668,,0.4398933066933063,,,
2024-07-21 02:00:00,12.915335,21.05,18.35,13.0,2605.1020000000003,12.8115,96.705,1.4287,190.8383333333333,922.4098433333334,0.0,0.0,12.941,12.656833333333331,96.86,96.54666666666668,,0.4405594405594406,,,
2024-07-21 03:00:00,12.70915,21.05,18.383335,13.016664999999998,2605.1020000000003,12.618666666666666,97.61666666666666,1.2471833333333333,190.63333333333333,922.3584333333332,0.0,0.0,12.761666666666668,12.469,97.76666666666668,97.43333333333334,,0.4385614385614388,,,
2024-07-21 04:00:00,12.370264999999998,21.033335,18.308335,12.983335000000002,2605.109,11.993,98.03,1.2811666666666668,191.09666666666664,922.1006783333332,0.0,0.0,12.142166666666666,11.842833333333337,98.19,97.86166666666666,,0.4435562437562436,,,
2024-07-21 05:00:00,11.99779,21.05833,18.35833,13.008335,2605.161,11.772333333333334,98.62666666666668,1.1835666666666669,190.35,922.0139183333332,0.0,0.0,11.911,11.627166666666666,98.785,98.465,,0.4395606393606391,,,
2024-07-21 06:00:00,11.74229,21.083335,18.383335,12.991665,2606.128,11.194,98.87833333333332,1.4118,192.4,922.3054083333334,2.7364666666666664,0.0,11.336166666666664,11.037666666666668,99.02333333333333,98.735,,0.4382283716283715,,,
2024-07-21 07:00:00,12.500955,21.06667,18.366665,13.0,2606.2505,13.624166666666667,99.52,0.4212499999999999,185.8683333333333,922.5097533333334,58.188833333333335,0.0,13.772666666666668,13.473666666666666,99.65666666666668,99.36,,0.4392273726273724,,,
2024-07-21 08:00:00,15.966235,21.033335,18.36667,13.025,2606.0040000000004,16.494833333333336,94.50166666666668,0.7899499999999999,301.8816666666667,922.71397,191.59333333333333,0.0,16.635166666666667,16.327333333333332,94.74333333333334,94.25166666666668,,0.4395602397602397,,,
2024-07-21 09:00:00,19.63724,21.01667,18.375,13.0,2605.789,19.975,79.305,0.6162666666666666,276.1229,922.769225,350.665,0.0,20.114166666666662,19.8325,79.79566666666666,78.786,,0.4408923076923076,,,
2024-07-21 10:00:00,23.459315,21.008335,18.358335,13.016664999999998,2605.362,23.212333333333333,63.36866666666666,1.2178,181.1277166666667,922.657755,504.6783333333333,0.0,23.361,23.048333333333336,64.16,62.686,,0.4412253746253748,,,
2024-07-21 11:00:00,25.28541,20.983335,18.3,13.0,2605.536,24.9705,58.306666666666665,1.4565333333333332,111.20365,922.5286833333332,646.9133333333334,0.0,25.1375,24.801666666666662,59.03233333333333,57.62616666666667,,0.4452213786213788,,,
2024-07-21 12:00:00,25.98235,20.991665,18.333335,13.0,2605.643,26.00616666666667,53.92816666666667,1.903133333333333,50.37266666666667,922.3122233333332,743.8166666666667,0.0,26.166833333333333,25.835500000000003,54.69566666666666,53.1965,,0.4435564435564436,,,
2024-07-21 13:00:00,25.161150000000003,20.95,18.333335,13.008335,2605.7815,26.805,48.89783333333333,1.9649333333333328,74.51911666666666,921.9423716666666,732.785,0.0,26.97433333333333,26.6235,49.93116666666666,47.902166666666666,,0.4448883116883118,,,
2024-07-21 14:00:00,25.937355,20.916665,18.325,13.0,2603.866,27.71433333333333,43.61816666666667,2.0515,76.26016666666666,921.38063,794.0433333333333,0.0,27.884166666666665,27.53833333333333,44.38666666666666,42.88583333333334,,0.4468865134865132,,,
2024-07-21 15:00:00,26.214905,20.891665,18.333335,12.958329999999998,2588.522,27.889666666666667,45.69533333333333,2.0599666666666665,63.057,920.5558766666668,718.285,0.0,28.0465,27.72283333333333,46.71683333333333,44.811166666666665,,0.4492175824175827,,,
2024-07-21 16:00:00,26.390065000000003,20.9,18.316665,12.975,2563.076,27.9555,44.714000000000006,2.31315,63.848333333333336,920.0817916666668,643.7333333333333,0.0,28.112,27.788666666666664,45.53716666666666,43.99366666666666,0.0154758735037213,0.4488845154845157,,,
2024-07-21 17:00:00,26.62216,20.875,18.316665,12.975,2555.1485,27.846833333333333,44.899,1.9271833333333328,74.27116666666667,919.6929566666666,498.5366666666667,0.0,28.00783333333333,27.683333333333334,45.60766666666667,44.25783333333333,,0.4498835164835166,,,
2024-07-21 18:00:00,25.74116,20.891665,18.308335,12.966665,2550.8885,27.42383333333333,44.97166666666667,1.4124166666666669,81.76816666666667,919.6660133333334,310.00166666666667,0.0,27.5725,27.26633333333333,45.54183333333333,44.5015,,0.4498835164835166,,,
2024-07-21 19:00:00,23.955545,20.9,18.3,12.966665,2550.4185,25.73166666666667,48.7265,0.6733666666666667,79.17083333333333,919.8813683333334,72.81283333333333,0.0,25.8805,25.5875,49.0765,48.35416666666666,,0.4498835164835166,,,
2024-07-21 20:00:00,21.400365000000004,20.9,18.3,12.958335,2550.144,24.05666666666667,54.478,0.2239333333333333,89.26299999999999,919.958165,5.227516666666667,0.0,24.204166666666666,23.90083333333333,54.6285,54.32266666666667,,0.4502163836163835,,,
2024-07-21 21:00:00,19.19369,20.858335,18.3,12.95,2550.144,22.1965,62.438,0.6770166666666667,144.79666666666665,920.3231616666668,0.0,0.0,22.34016666666667,22.05366666666667,62.569,62.30033333333333,,0.4522143856143853,,,
2024-07-21 22:00:00,19.17399,20.908335,18.308335,12.958329999999998,2550.144,21.581333333333337,68.47433333333333,1.3363166666666666,129.9269666666667,921.19382,0.0,0.0127,21.734,21.4325,68.85466666666666,68.11116666666666,,0.4495504495504499,,,
2024-07-21 23:00:00,18.257195,20.975,18.34167,12.98333,2550.144,18.82283333333333,90.04333333333334,1.3525666666666667,185.36166666666668,920.5965916666668,0.0,0.0254,18.971,18.661,90.36666666666666,89.71499999999999,,0.4445554445554445,,,
2024-07-22 00:00:00,17.161015,21.0,18.325,12.95,2566.2345,18.771,89.295,0.74965,194.05,920.31375,0.0,0.0296333333333333,18.919500000000003,18.611,89.55333333333333,89.055,,0.4455544455544454,4.425297055945003,5.310356467134003,1.2
2024-07-22 01:00:00,16.187445,21.016665,18.325,12.958335,2570.938,17.397499999999997,94.57833333333332,0.2173666666666666,66.53475,920.2950833333332,0.0,0.0042333333333333,17.52733333333333,17.242166666666666,94.74833333333332,94.39333333333336,,0.4445554445554445,,,
2024-07-22 02:00:00,16.18492,21.025,18.308335,13.0,2570.945,17.2515,94.05166666666668,1.6987333333333334,128.493,920.8181216666668,0.0,0.0,17.395500000000002,17.089833333333335,94.28166666666668,93.80833333333334,,0.4432233766233766,,,
2024-07-22 03:00:00,16.67874,21.025,18.316665,12.93333,2575.0260000000003,16.8965,95.21666666666668,2.33605,60.3256,921.0841716666667,0.0,0.0084666666666666,17.033166666666666,16.737666666666666,95.56166666666668,94.91,,0.4455546453546454,,,
2024-07-22 04:00:00,15.791199999999998,26.208335,18.575,12.95,2587.6495,16.514833333333332,91.15666666666668,2.08115,172.355,919.7026183333332,0.0,0.0084666666666666,16.665,16.3555,91.625,90.655,,0.227439160839161,,,
2024-07-22 05:00:00,15.63884,29.13333,19.61667,12.949999999999998,2596.4410000000003,16.564,95.41333333333334,0.8502833333333334,150.72333333333333,919.3308366666666,0.0,0.0084666666666666,16.707666666666668,16.415,95.565,95.23666666666666,,0.068931068931069,,,
2024-07-22 06:00:00,15.853785,28.558335,20.85,12.925,2598.9355,16.368333333333332,97.26,1.0594666666666666,288.47,919.9725733333332,2.7433,0.0042333333333333,16.513833333333334,16.207,97.40333333333334,97.10166666666667,,0.0436229770229771,,,
2024-07-22 07:00:00,15.982695,28.225,21.975,12.95,2599.2360000000003,17.214333333333332,97.11666666666666,0.4649833333333333,205.30900000000003,919.7981516666666,66.24183333333333,0.0042333333333333,17.360666666666667,17.05366666666667,97.26,96.96666666666668,,0.0109890109890111,,,
2024-07-22 08:00:00,18.37116,28.025,22.741665,12.975,2599.213,18.626166666666663,93.15666666666668,0.3645833333333333,140.76566666666668,919.76714,155.21,0.0,18.769166666666667,18.472,93.44166666666666,92.865,,0.0,,,
2024-07-22 09:00:00,19.405035,27.875,23.15,12.958335,2599.3345,19.226333333333333,90.19833333333332,1.5313333333333332,65.12116666666667,920.0841183333332,324.67333333333335,0.0042333333333333,19.367666666666665,19.06533333333333,90.705,89.67333333333333,,0.0,,,
2024-07-22 10:00:00,21.77821,27.8,23.408335,12.975,2599.368,20.759666666666664,81.03,1.0931333333333333,67.33078333333333,920.1830933333332,510.2933333333333,0.0,20.90716666666667,20.62283333333333,82.11,79.98716666666668,,0.0,,,
2024-07-22 11:00:00,23.75362,27.73333,23.5,12.958335,2597.6755,22.805333333333333,70.153,0.8065333333333334,142.5147,919.9980883333334,660.2016666666666,0.0042333333333333,22.95433333333333,22.654666666666667,71.31933333333333,69.0835,,0.0,,,
2024-07-22 12:00:00,25.03396,27.658335,23.591665000000003,12.966665,2594.8505,24.8645,60.27333333333333,0.8379,195.32148333333333,919.6856416666668,773.8383333333334,0.0,25.01783333333333,24.696666666666665,61.41366666666667,59.24566666666667,,0.0,,,
2024-07-22 13:00:00,25.835865,27.600000000000005,23.608335,12.98333,2589.6005,25.94233333333333,54.12683333333334,1.2187333333333332,218.06231666666665,919.2153883333334,813.7166666666667,0.0,26.115333333333336,25.779,55.517500000000005,52.9945,,0.0,,,
2024-07-22 14:00:00,26.00509,27.516665,23.68333,12.983335000000002,2588.2135000000003,27.150666666666663,50.502833333333335,1.0489,102.138,918.8906033333332,809.1433333333333,0.0,27.307,26.986833333333333,51.78416666666667,49.342666666666666,,0.0,,,
2024-07-22 15:00:00,26.884235,27.40833,23.608335,12.975,2579.112,27.889,47.8685,1.357816666666667,149.80986666666666,918.3433866666668,763.1866666666666,0.0,28.04133333333333,27.716833333333334,49.148,46.64416666666667,,0.0,,,
2024-07-22 16:00:00,26.82286,27.341665000000003,23.600000000000005,13.0,2567.1,27.918666666666663,45.301833333333335,1.69255,55.90783333333333,917.8231,646.5983333333334,0.0,28.07333333333333,27.754166666666663,46.6065,44.08416666666666,,0.0,,,
2024-07-22 17:00:00,26.989185000000003,27.3,23.58333,12.983335000000002,2554.5275,27.835833333333333,47.50083333333334,1.339783333333333,67.38483333333333,917.5050233333334,505.0466666666667,0.0,27.98883333333333,27.675833333333333,48.72566666666667,46.299,,0.0,,,
2024-07-22 18:00:00,26.0159,27.208335,23.55,12.975,2551.849,27.09583333333333,51.084833333333336,1.61035,61.52966666666667,917.2583516666668,311.68833333333333,0.0,27.25133333333333,26.94183333333333,52.016666666666666,50.165333333333336,,0.0,,,
2024-07-22 19:00:00,24.413875,27.158335,23.5,12.991665,2550.447,26.359166666666667,53.190333333333335,0.6769833333333334,102.33766666666666,917.3786883333332,142.7895,0.0,26.502666666666663,26.2095,53.951,52.56933333333333,,0.0,,,
2024-07-22 20:00:00,22.13972,27.11667,23.5,12.991665,2550.146,24.434166666666663,61.22316666666666,0.4504333333333333,120.7085,917.5062733333332,28.40178333333333,0.0,24.58233333333333,24.28033333333333,61.7615,60.73983333333333,,0.0,,,
2024-07-22 21:00:00,19.20705,27.100000000000005,23.48333,12.991665,2550.144,22.222166666666663,69.693,1.2320166666666668,152.855,917.7781083333334,0.0,0.0,22.35833333333333,22.088833333333334,69.91233333333334,69.47833333333332,,0.0,,,
2024-07-22 22:00:00,18.817385,27.100000000000005,23.5,13.0,2550.144,21.386666666666667,73.31366666666666,2.2245166666666667,164.03833333333333,918.3863383333334,0.0,0.0,21.529,21.244000000000003,73.49050000000001,73.15233333333335,,0.0,,,
2024-07-22 23:00:00,18.704265000000003,27.100000000000005,23.5,13.0,2550.144,19.985166666666668,80.43716666666666,2.6444,170.93833333333333,918.7558433333332,0.0,0.0,20.127666666666663,19.829833333333333,80.59333333333333,80.28133333333334,,0.0,,,
2024-07-23 00:00:00,18.05747,27.100000000000005,23.475,12.991665,2550.144,19.432333333333336,81.64166666666667,2.370983333333333,171.025,918.9985633333332,0.0,0.0,19.5705,19.27883333333333,81.78166666666667,81.47833333333332,,0.0,4.687825863595074,5.625391036314088,1.2
2024-07-23 01:00:00,17.758785,27.100000000000005,23.458335,13.008335,2550.144,19.09733333333333,84.62666666666668,1.8005833333333332,184.76166666666668,918.8865283333332,0.0,0.0,19.244333333333334,18.93183333333333,84.81166666666667,84.425,,0.0,,,
2024-07-23 02:00:00,16.999460000000003,27.100000000000005,23.491665,13.0,2550.144,18.0575,90.255,1.6032000000000002,191.3983333333333,918.789235,0.0,0.0,18.2,17.89333333333333,90.44333333333334,90.06,,0.0,,,
2024-07-23 03:00:00,15.923285,27.06667,23.441665,12.975,2550.144,17.018666666666668,93.78333333333332,0.7151333333333334,98.38,918.5775466666668,0.0,0.0,17.175166666666666,16.851833333333335,93.935,93.60166666666667,,0.0,,,
2024-07-23 04:00:00,14.870309999999998,27.041665,23.399999999999995,12.991665,2550.144,15.843833333333333,96.05666666666666,0.0,0.0,918.5747483333332,0.0,0.0,15.984333333333332,15.691666666666666,96.24,95.865,,0.0,,,
2024-07-23 05:00:00,14.04096,27.0,23.43333,13.0,2550.144,14.794666666666666,96.99333333333334,0.4313,83.4,918.8466833333332,0.0,0.0,14.940333333333331,14.647833333333333,97.14333333333336,96.83,,0.0,,,
2024-07-23 06:00:00,13.500355,27.0,23.399999999999995,13.0,2550.146,14.081666666666669,98.105,1.2601833333333334,190.42,918.9675466666666,2.71725,0.0,14.221666666666666,13.9445,98.25333333333332,97.95833333333331,,0.0009990009990008,,,
2024-07-23 07:00:00,14.15655,27.0,23.399999999999995,12.991665,2550.144,15.445666666666666,97.82833333333332,0.56345,106.12666666666668,918.9774166666666,61.873000000000005,0.0,15.593,15.296,97.98333333333332,97.68333333333334,,0.0013320679320681,,,
2024-07-23 08:00:00,17.10225,26.941665,23.399999999999995,12.99167,2550.395,18.70266666666667,88.87666666666668,0.1663,70.66333333333334,919.2177783333334,189.4533333333333,0.0,18.858,18.53183333333333,89.38000000000001,88.395,,0.0036629370629375,,,
2024-07-23 09:00:00,20.369475,26.966664999999995,23.399999999999995,12.991665,2551.726,21.7765,74.76383333333334,0.5325333333333333,186.1781333333333,919.2265083333332,348.68666666666667,0.0,21.928,21.62316666666667,75.53716666666666,74.11566666666666,,0.0026641358641363,,,
2024-07-23 10:00:00,23.840605,26.91666,23.383335,13.0,2552.0445000000004,24.693666666666665,65.61449999999999,0.7637833333333333,183.6096333333333,919.139505,516.8516666666667,0.0,24.8395,24.530666666666665,66.51566666666666,64.673,,0.0049952047952048,,,
2024-07-23 11:00:00,25.665505,26.84167,23.375,13.008335,2551.6885,26.79416666666667,53.13533333333333,1.6243333333333334,209.56333333333333,919.2323966666668,650.4266666666666,0.0,26.94633333333333,26.63266666666667,54.13916666666667,52.07816666666667,,0.0079918081918077,,,
2024-07-23 12:00:00,26.479315,26.816665,23.333335,13.0,2551.2045,28.278,45.90766666666666,1.8118833333333333,207.57333333333327,919.108745,743.2900000000001,0.0,28.4345,28.11233333333333,47.0775,44.86866666666666,,0.0109890109890107,,,
2024-07-23 13:00:00,26.94814,26.758335,23.275,13.0,2550.8155,29.241666666666667,41.17166666666667,1.4513833333333332,191.4096,918.6628483333334,799.7183333333334,0.0,29.412,29.0715,42.354000000000006,40.09816666666666,,0.0156509490509489,,,
2024-07-23 14:00:00,27.35484,26.65,23.2,13.033335,2514.472,30.280166666666663,37.025,1.60655,169.89351666666667,918.3102116666666,781.59,0.0,30.436666666666667,30.119000000000003,38.18333333333333,35.973499999999994,0.0485883329094546,0.0216449550449552,,,
2024-07-23 15:00:00,27.486105,26.600000000000005,23.2,12.983335000000002,2494.5345,30.820666666666668,34.093666666666664,1.7688666666666668,147.2,918.141785,726.495,0.0,30.974,30.659,35.17333333333333,33.06966666666667,0.4232684525906973,0.0256409590409588,,,
2024-07-23 16:00:00,27.56899,26.5,23.2,12.958335,2494.225,31.070666666666668,36.739333333333335,1.3071166666666665,113.805,918.172495,610.3083333333333,0.0,31.23,30.9165,37.93066666666667,35.714333333333336,0.3312749890711769,0.0306359640359642,,,
2024-07-23 17:00:00,27.427215,26.425,23.175,12.991665,2494.1615,30.147,44.92116666666666,1.6740166666666667,83.146,917.981715,449.3316666666667,0.0,30.302166666666665,29.984666666666666,46.12716666666667,43.85883333333333,0.9075502570467352,0.0333000999000999,,,
2024-07-23 18:00:00,27.317475,26.33333,23.100000000000005,12.966665,2493.9015,28.750166666666665,53.01199999999999,1.60545,74.67566666666667,917.8210033333332,281.6816666666667,0.0,28.8925,28.594,53.8485,52.265,,0.0409592407592408,,,
2024-07-23 19:00:00,26.39223,26.31667,23.100000000000005,12.949999999999998,2494.127,28.6535,47.316,2.1960166666666665,156.88333333333333,917.9167416666668,134.63283333333334,0.0,28.8005,28.49816666666667,47.90683333333333,46.787,,0.0422909090909089,,,
2024-07-23 20:00:00,,,,,,26.41733333333333,53.79583333333333,2.2417666666666665,158.07000000000002,918.209485,31.82323333333333,0.0,26.55333333333333,26.26683333333333,54.032,53.572,,,,,
2024-07-23 21:00:00,,,,,,24.472166666666663,57.094,2.7212166666666664,155.69500000000002,918.5289633333334,0.0,0.0,24.61683333333333,24.31683333333333,57.2895,56.904,,,,,
2024-07-23 22:00:00,,,,,,22.83333333333333,62.8635,2.848716666666667,168.79166666666666,919.0581483333332,0.0,0.0,22.983,22.6785,63.03566666666666,62.694833333333335,,,,,
2024-07-23 23:00:00,,,,,,21.2755,70.62966666666667,2.778966666666667,167.64166666666668,919.456145,0.0,0.0,21.420166666666667,21.123,70.77433333333333,70.49333333333334,,,,,
2024-07-24 00:00:00,,,,,,21.2185,70.08616666666667,3.109366666666667,174.50666666666666,919.6963,0.0,0.0,21.365166666666667,21.067,70.27600000000001,69.89166666666667,,,5.47137511702967,6.565650140435603,1.2
2024-07-24 01:00:00,,,,,,20.942,73.72416666666666,3.6065833333333335,185.9333333333333,919.767515,0.0,0.0,21.0855,20.7875,73.95083333333334,73.50383333333333,,,,,
2024-07-24 02:00:00,,,,,,20.798166666666663,71.52066666666666,3.55945,185.5283333333333,919.781615,0.0,0.0,20.941333333333333,20.640833333333333,71.75266666666667,71.26783333333333,,,,,
2024-07-24 03:00:00,,,,,,20.606,69.67216666666667,3.3499166666666667,183.97,919.7065483333332,0.0,0.0,20.76,20.44683333333333,69.88083333333334,69.468,,,,,
2024-07-24 04:00:00,,,,,,19.18616666666667,77.5635,2.4709166666666667,204.15,919.851475,0.0,0.0,19.331833333333336,19.03083333333333,77.73916666666668,77.37650000000001,,,,,
2024-07-24 05:00:00,,,,,,16.996333333333332,84.69966666666666,0.8026166666666668,198.4333333333333,920.109935,0.0,0.0,17.155666666666665,16.828,85.03516666666665,84.38066666666667,,,,,
2024-07-24 06:00:00,,,,,,14.353833333333334,93.57833333333332,0.6448833333333333,143.71,920.1665466666668,2.107683333333333,0.0,14.491,14.211333333333334,93.81,93.32833333333332,,,,,
2024-07-24 07:00:00,,,,,,14.749833333333331,95.19,0.1269333333333333,99.525,920.39198,59.8015,0.0,14.898666666666664,14.587666666666667,95.33,95.03166666666668,,,,,
2024-07-24 08:00:00,,,,,,17.750999999999998,88.73333333333333,0.3663333333333333,229.84226666666663,920.7211483333334,196.12166666666664,0.0,17.904166666666665,17.601666666666667,89.08333333333333,88.36149999999999,,,,,
2024-07-24 09:00:00,,,,,,21.038,72.41633333333333,0.7181833333333334,293.12953333333337,921.0007633333332,355.69,0.0,21.176666666666662,20.891666666666666,73.10416666666667,71.7145,,,,,
2024-07-24 10:00:00,,,,,,24.484,59.05416666666667,0.9004833333333333,318.16285,920.9674733333334,521.0066666666667,0.0,24.62833333333333,24.3255,60.05383333333334,58.12383333333333,,,,,
2024-07-24 11:00:00,,,,,,27.71333333333333,52.81366666666667,0.6926333333333333,217.76711666666668,920.8050366666666,653.0699999999999,0.0,27.8675,27.54283333333333,53.97366666666667,51.74633333333333,,,,,
2024-07-24 12:00:00,28.05914,26.041665,22.891665,12.983335000000002,2493.6115,30.708666666666662,45.76916666666667,1.1800666666666666,124.24655,920.508845,761.5699999999999,0.0,30.850666666666665,30.553166666666662,47.57833333333333,44.01983333333333,,0.0602731268731272,,,
2024-07-24 13:00:00,28.35839,25.966665000000003,22.85,12.966665,2485.6805,32.463166666666666,35.69733333333333,1.7292333333333334,106.6278,920.3089716666668,805.58,0.0,32.61066666666667,32.30583333333333,37.65133333333333,33.733,0.521084829375384,0.0656011988011987,,,
2024-07-24 14:00:00,28.449775,25.833335,22.808335,12.95,2470.2635,32.77483333333333,31.115166666666667,2.057633333333333,56.78483333333334,920.16013,786.6949999999999,0.0,32.925666666666665,32.61216666666667,32.658166666666666,29.55816666666667,0.9591168675693772,0.0732599400599398,,,
2024-07-24 15:00:00,28.967075000000005,25.75,22.791665,12.9,2456.3945,33.163333333333334,34.5415,2.0196166666666664,93.88883333333334,920.0377416666666,718.2866666666666,0.0,33.3095,32.9965,36.252,32.94566666666667,1.0598463282597066,0.0792541458541458,,,
2024-07-24 16:00:00,29.219265,25.633335,22.741665,12.925,2452.741,34.21266666666667,27.007,2.1053333333333333,156.39783333333335,919.8280683333334,615.2366666666666,0.0,34.3735,34.056333333333335,28.168666666666663,26.019,,0.0849150849150848,,,
2024-07-24 17:00:00,28.766735,25.566665,22.68333,12.9,2442.959,33.82416666666667,27.286,2.7133333333333334,170.83166666666665,919.6824983333332,463.625,0.0,33.973,33.663,28.1605,26.488166666666665,,0.0909092907092905,,,
2024-07-24 18:00:00,28.263955,25.5,22.608335,12.933335,2442.4985,33.183166666666665,29.37033333333333,2.959233333333333,163.47166666666666,919.6708183333334,297.0433333333333,0.0,33.32266666666666,33.029833333333336,29.9765,28.793333333333333,,0.095237962037962,,,
2024-07-24 19:00:00,27.69714,25.40833,22.600000000000005,12.94167,2442.135,31.741333333333333,33.42816666666667,2.578233333333333,159.90666666666667,919.40612,142.8155,0.0,31.88266666666667,31.584166666666665,33.853833333333334,33.00983333333333,,0.0989010989010983,,,
2024-07-24 20:00:00,26.543985000000003,25.391665,22.55,12.908335,2442.019,29.333,40.57716666666667,2.577933333333333,154.46833333333333,919.3092266666666,31.05645,0.0,29.479166666666668,29.17,40.78816666666667,40.38483333333333,,0.1028971028971028,,,
2024-07-24 21:00:00,24.483565,25.383335,22.50833,12.9,2441.724,26.939,46.74333333333333,2.5391666666666666,162.53333333333333,919.4887933333332,0.0,0.0,27.08383333333333,26.790333333333333,46.9455,46.54233333333333,,0.1052281718281716,,,
2024-07-24 22:00:00,23.69845,25.366665,22.5,12.908335,2441.97,25.816333333333333,50.02016666666667,3.435383333333333,170.17833333333334,919.9951416666668,0.0,0.0,25.94683333333333,25.657,50.16166666666666,49.87833333333333,,0.1058941058941058,,,
2024-07-24 23:00:00,23.42655,25.399999999999995,22.5,12.916670000000002,2441.846,24.97,52.772666666666666,3.8149666666666655,169.38833333333332,920.3145433333334,0.0,0.0,25.104,24.81833333333333,52.93816666666667,52.613166666666665,,0.1042289710289713,,,
2024-07-25 00:00:00,22.8612,25.366665,22.5,12.891665,2441.722,23.813166666666667,56.12916666666667,3.2302833333333334,169.775,920.747485,0.0,0.0,23.969,23.65483333333333,56.285,55.97883333333333,,0.1065602397602401,6.571714025884692,7.88605683106163,1.2
2024-07-25 01:00:00,21.82427,25.399999999999995,22.5,12.9,2441.847,22.871,59.051,3.1922833333333336,182.0183333333333,920.8540233333332,0.0,0.0,23.014333333333333,22.73116666666667,59.18483333333334,58.92583333333334,,0.1048951048951049,,,
2024-07-25 02:00:00,20.645885,25.358335,22.5,12.883335,2441.97,21.207,65.82216666666666,2.2117,187.21666666666667,920.6225,0.0,0.0,21.354666666666667,21.0495,66.00083333333333,65.64083333333333,,0.1072259740259743,,,
2024-07-25 03:00:00,19.77417,25.383335,22.5,12.89167,2441.908,20.146666666666665,72.95233333333334,2.065233333333333,188.65666666666667,920.4933583333332,0.0,0.0,20.287666666666667,19.994000000000003,73.11466666666666,72.78533333333333,,0.1058939060939058,,,
2024-07-25 04:00:00,18.51879,25.316665,22.5,12.891665,2441.722,19.80333333333333,73.99533333333333,1.4280000000000002,171.24033333333333,920.5292883333332,0.0,0.0,19.9545,19.648333333333333,74.20533333333333,73.77733333333335,,0.1085582417582419,,,
2024-07-25 05:00:00,16.022375,25.333335,22.5,12.916665,2441.846,17.847666666666665,83.05199999999999,0.2882,75.60433333333334,920.6407883333334,0.0,0.0,17.990333333333336,17.696,83.30266666666667,82.777,,0.1068931068931071,,,
2024-07-25 06:00:00,14.786499999999998,25.333335,22.5,12.908335,2441.722,16.53666666666667,88.44,0.1297833333333333,93.05661666666668,920.814225,1.87955,0.0,16.67866666666667,16.380333333333333,88.66666666666667,88.19666666666667,,0.1072259740259743,,,
2024-07-25 07:00:00,14.974835,25.3,22.5,12.9,2441.722,17.115666666666666,86.8,0.0611666666666666,65.915,920.8936916666668,60.0965,0.0,17.256666666666668,16.9615,87.095,86.48666666666666,,0.1088911088911088,,,
2024-07-25 08:00:00,18.175265,25.3,22.5,12.908335,2441.722,19.85183333333333,78.88183333333333,0.5405333333333334,241.81936666666667,920.9874466666666,209.42166666666665,0.0,19.994333333333334,19.6915,79.46466666666667,78.34933333333333,,0.1085580419580422,,,
2024-07-25 09:00:00,22.888715,25.3,22.5,12.908335,2441.7265,25.38833333333333,57.121,1.3251333333333333,224.28333333333333,920.8468216666666,383.1233333333333,0.0,25.552666666666667,25.22233333333333,58.2145,56.008,,0.1085580419580422,,,
2024-07-25 10:00:00,26.314075000000003,25.3,22.5,12.933335,2442.0865,28.870166666666663,47.117,1.4805166666666667,196.34,920.5574583333332,552.5566666666667,0.0,29.03,28.71,48.1395,46.1215,,0.107559040959041,,,
2024-07-25 11:00:00,28.43728,25.208335,22.416665,12.9,2442.211,32.098,38.3155,1.6973833333333337,191.12166666666664,920.2183883333332,691.3116666666666,0.0,32.259166666666665,31.9325,39.61300000000001,37.203,,0.1158841158841157,,,
2024-07-25 12:00:00,29.045915,25.100000000000005,22.399999999999995,12.891665,2441.472,34.485,28.79983333333333,3.143333333333333,195.13166666666663,919.8192633333332,792.7966666666667,0.0,34.645833333333336,34.315666666666665,29.842,27.880166666666664,,0.1212121878121881,,,
2024-07-25 13:00:00,29.551325,25.041665,22.341665000000003,12.908335,2435.7765,35.6345,24.599833333333333,3.9005666666666654,185.8883333333333,919.398735,837.8666666666667,0.0,35.791333333333334,35.4715,25.38283333333333,23.8215,,0.1252081918081917,,,
2024-07-25 14:00:00,29.934085,24.90833,22.3,12.883335,2363.273,36.1395,22.592166666666667,3.82035,177.89666666666665,919.1004166666668,826.7666666666667,0.0,36.3055,35.963166666666666,23.44383333333333,21.7715,,0.1332001998001995,,,
2024-07-25 15:00:00,29.828085,24.78333,22.3,12.89167,2299.5365,36.39683333333333,21.076,3.92,177.28333333333333,918.64437,764.365,0.0,36.5545,36.22816666666667,21.813166666666667,20.38266666666667,,0.137862137862138,,,
2024-07-25 16:00:00,30.11035,24.658330000000003,22.216664999999995,12.841665,2291.4665,36.37033333333333,22.90266666666667,4.2465,160.51833333333337,918.179505,644.1666666666666,0.0,36.52216666666666,36.20283333333334,23.544,22.366666666666667,,0.1481854145854145,,,
2024-07-25 17:00:00,30.1265,24.566665,22.166665,12.800000000000002,2291.389,35.739000000000004,24.804,4.602266666666667,162.91833333333335,918.004555,499.4266666666666,0.0,35.89533333333333,35.583333333333336,25.247333333333334,24.387666666666668,,0.1555112887112883,,,
2024-07-25 18:00:00,29.914895,24.475,22.091665000000003,12.800000000000002,2292.0215000000003,34.5885,26.91783333333333,4.6728,162.04500000000002,917.6666466666668,326.59666666666664,0.0,34.729,34.435500000000005,27.28983333333333,26.54733333333333,,0.1621712287712286,,,
2024-07-25 19:00:00,29.17465,24.399999999999995,22.033330000000003,12.808335,2293.4645,32.5735,32.0895,4.190766666666667,161.845,917.5451866666666,153.01166666666668,0.0,32.72,32.4185,32.3355,31.85616666666667,,0.1671662337662344,,,
2024-07-25 20:00:00,27.8429,24.399999999999995,22.0,12.816665,2293.646,30.123,37.179833333333335,4.298966666666667,161.09333333333333,917.6028283333332,33.667,0.0,30.275166666666667,29.9655,37.323166666666665,37.05216666666667,,0.1681652347652346,,,
2024-07-25 21:00:00,25.672165000000003,24.391665,22.0,12.808335,2293.6420000000003,28.1085,41.123666666666665,4.32925,161.44666666666666,917.6032666666669,0.0,0.0,28.2505,27.958666666666662,41.25383333333333,41.006,,0.1688311688311688,,,
2024-07-25 22:00:00,24.205015000000003,24.38333,22.0,12.808335,2293.324,26.0495,46.10083333333333,3.68395,167.73999999999998,917.910455,0.0,0.0,26.1975,25.897166666666667,46.23366666666666,45.97566666666667,,0.1691642357642361,,,
2024-07-25 23:00:00,23.155125,24.375,22.0,12.816665,2293.818,25.058333333333334,47.54683333333333,4.0754,166.02666666666667,917.9117783333334,0.0,0.0,25.202166666666667,24.900166666666667,47.66783333333333,47.42733333333333,,0.1691642357642361,,,
2024-07-26 00:00:00,22.356275,24.399999999999995,22.0,12.800000000000002,2294.0665,23.860666666666667,51.5405,3.62515,169.47333333333333,917.89328,0.0,0.0,24.001,23.706166666666668,51.66483333333333,51.41983333333334,,0.1688311688311688,7.7977750809192585,9.35733009710311,1.2
2024-07-26 01:00:00,21.80629,24.391665,22.0,12.81667,2294.1895,23.538833333333333,55.89983333333334,3.92515,178.11499999999998,918.070745,0.0,0.0,23.685166666666667,23.3845,56.031333333333336,55.76883333333333,,0.1684981018981019,,,
2024-07-26 02:00:00,21.202115000000003,24.375,22.0,12.808335,2294.684,22.1625,62.84316666666667,3.308316666666667,184.525,917.805935,0.0,0.0,22.302833333333336,22.0195,62.98683333333334,62.6865,,0.1694971028971031,,,
2024-07-26 03:00:00,19.99376,24.399999999999995,22.0,12.808335,2294.684,21.0405,67.10233333333333,3.333183333333333,187.37166666666664,917.394555,0.0,0.0,21.187666666666665,20.88733333333333,67.23983333333334,66.966,,0.1684981018981019,,,
2024-07-26 04:00:00,18.970515,24.383335,22.0,12.825,2294.684,20.380666666666663,69.2675,3.0993666666666666,186.625,917.1382466666668,0.0,0.0,20.52266666666667,20.2305,69.42366666666666,69.1135,,0.1684981018981019,,,
2024-07-26 05:00:00,19.157865,24.366665,21.991665,12.791665,2294.684,21.235166666666665,64.79216666666667,3.8462666666666654,182.1833333333333,916.9666666666668,0.0,0.0,21.379,21.079,64.9555,64.62533333333333,,0.1708293706293706,,,
2024-07-26 06:00:00,19.917685,24.383335,21.983335,12.825,2294.684,21.155666666666665,65.07383333333333,4.119533333333333,180.47,916.7193516666666,1.67385,0.0,21.29883333333333,21.00883333333333,65.21333333333334,64.9435,,0.1691640359640361,,,
2024-07-26 07:00:00,19.520725,24.341665000000003,21.991665,12.800000000000002,2294.684,20.970166666666668,66.15433333333334,3.6508666666666665,177.85,916.7723233333332,59.28716666666666,0.0,21.106166666666663,20.831166666666665,66.30766666666666,66.00666666666667,,0.1714953046953045,,,
2024-07-26 08:00:00,20.6722,24.333335,21.983335,12.816665,2294.6845,22.211166666666667,62.06583333333333,3.975916666666667,182.1383333333333,916.8874433333332,225.995,0.0,22.34433333333333,22.072666666666667,62.348333333333336,61.774,,0.1714951048951049,,,
2024-07-26 09:00:00,23.067355000000003,24.291665,21.916665,12.833335,2294.8315,25.18566666666667,51.82816666666667,4.936683333333334,188.96666666666667,916.7365683333334,406.66,0.0,25.332,25.035166666666665,52.31516666666666,51.36283333333333,,0.1751582417582418,,,
2024-07-26 10:00:00,25.70815,24.23333,21.899999999999995,12.800000000000002,2295.0805,28.172833333333337,42.7835,4.947466666666667,183.655,916.3489916666666,573.5383333333334,0.0,28.321166666666667,28.014,43.33566666666666,42.32483333333333,,0.179487312687313,,,
2024-07-26 11:00:00,27.26196,24.141665000000003,21.875,12.85,2295.2945,30.3905,38.246833333333335,4.691883333333333,173.63166666666666,915.9679,719.0916666666667,0.0,30.541666666666668,30.22883333333333,38.88,37.693,,0.182151248751249,,,
2024-07-26 12:00:00,28.509355,24.05,21.8,12.800000000000002,2288.1645,32.00933333333333,35.03483333333334,5.141900000000001,169.98999999999998,915.5151933333332,815.3283333333333,0.0,32.17333333333333,31.833666666666662,35.65333333333333,34.50066666666667,,0.1908091908091907,,,
2024-07-26 13:00:00,29.194255,23.933335,21.8,12.816665,2224.8285,33.29816666666667,32.0845,5.9920333333333335,172.06166666666667,914.903905,860.0,0.0,33.465,33.12383333333334,32.60133333333333,31.56583333333333,,0.1948051948051953,,,
2024-07-26 14:00:00,25.698965,23.866665,21.75,12.800000000000002,2216.346,34.097166666666666,28.897,6.1882166666666665,189.225,914.4500816666666,849.1,0.0,34.26916666666667,33.912,29.4515,28.385,,0.2001332667332667,,,
2024-07-26 15:00:00,22.038735,23.725,21.633335,12.758335,2214.7985000000003,34.71966666666666,27.99983333333333,5.835233333333333,184.65666666666667,913.84057,783.8,0.0,34.87883333333333,34.561166666666665,28.586,27.456333333333337,,0.2121210789210787,,,
2024-07-26 16:00:00,22.6627,23.633335,21.600000000000005,12.725,2201.858,34.80533333333334,27.71916666666667,5.9575,181.2633333333333,913.24284,671.0016666666667,0.0,34.97266666666667,34.6285,28.210500000000003,27.279333333333334,,0.2184481518481516,,,
2024-07-26 17:00:00,23.197625,23.566665,21.50833,12.725,2178.577,34.56933333333333,28.09433333333333,5.661866666666667,168.71833333333333,912.6122966666668,516.32,0.0,34.73083333333333,34.39566666666667,28.462,27.740666666666662,,0.2247754245754243,,,
2024-07-26 18:00:00,26.353835,23.5,21.5,12.75,2171.7995,33.669666666666664,30.544833333333333,5.31255,160.57999999999998,912.22638,340.25333333333333,0.0,33.818666666666665,33.509166666666665,30.803166666666662,30.282,,0.2267732267732271,,,
2024-07-26 19:00:00,28.994255,23.483335,21.491665,12.733335,2169.054,32.042833333333334,32.83166666666667,5.118433333333333,160.735,912.3347133333332,153.90983333333332,0.0,32.19116666666667,31.883666666666667,33.03816666666667,32.63766666666667,,0.2284381618381619,,,
2024-07-26 20:00:00,27.39336,23.450000000000003,21.466670000000004,12.716665,2168.806,29.509833333333333,38.69533333333333,3.285616666666667,157.84333333333333,912.691415,24.42585,0.0,29.648333333333333,29.3585,38.83133333333333,38.559,,0.2314351648351645,,,
2024-07-26 21:00:00,24.752115,23.41666,21.40833,12.708335,2168.5575,27.163833333333333,45.484,3.511816666666667,156.81,913.1484033333332,0.0,0.0,27.294833333333333,27.020666666666667,45.59933333333333,45.373000000000005,,0.2354315684315685,,,
2024-07-26 22:00:00,24.172585,23.424995,21.441665,12.699999999999998,2168.4405,26.225,47.78516666666667,4.3475166666666665,159.36499999999998,913.3877016666668,0.0,0.0,26.37,26.07483333333333,47.9045,47.67933333333333,,0.2340995004995003,,,
2024-07-26 23:00:00,23.71896,23.441665,21.416665,12.716665,2168.443,25.17933333333333,52.44883333333333,5.249133333333333,162.605,913.4089116666668,0.0,0.0,25.32483333333333,25.02083333333333,52.571333333333335,52.334500000000006,,0.2337664335664333,,,
2024-07-27 00:00:00,23.294805,23.425,21.40833,12.691665,2168.5065,24.738,55.461,5.645316666666667,169.42833333333334,913.6553766666668,0.0,0.0,24.88116666666667,24.587333333333333,55.57716666666667,55.34316666666667,,0.2357644355644354,7.590226664888781,9.108271997866536,1.2
2024-07-27 01:00:00,22.890805,23.441665,21.40833,12.699999999999998,2168.439,24.357666666666667,57.38066666666667,4.718066666666667,162.31666666666666,913.7824416666666,0.0,0.0,24.50283333333333,24.2045,57.511833333333335,57.2555,,0.2347654345654345,,,
2024-07-27 02:00:00,22.30935,23.40833,21.424995,12.708335,2168.5635,24.04983333333333,58.532,4.8095,161.34,913.2956,0.0,0.0,24.185,23.89333333333333,58.67116666666666,58.3975,,0.2350985014985012,,,
2024-07-27 03:00:00,22.543525,23.424995,21.40833,12.7,2169.617,23.608666666666668,60.0005,5.579133333333333,168.67333333333332,912.7881816666668,0.0,0.0,23.752,23.452666666666666,60.1225,59.8785,,0.2354315684315685,,,
2024-07-27 04:00:00,21.68256,23.40833,21.399999999999995,12.708335,2169.925,22.600666666666665,63.62583333333334,3.90685,161.44333333333333,912.8087016666668,0.0,0.0,22.742666666666665,22.46733333333333,63.7595,63.51016666666667,,0.2360973026973027,,,
2024-07-27 05:00:00,20.3595,23.40833,21.399999999999995,12.691665,2169.925,21.672833333333333,66.7365,4.1010333333333335,160.32833333333335,912.55563,0.0,0.0,21.81383333333333,21.531333333333336,66.86866666666667,66.61166666666666,,0.236763436563437,,,
2024-07-27 06:00:00,19.470615,23.40833,21.399999999999995,12.73333,2169.9265,21.04533333333333,69.88983333333334,4.19715,165.03833333333333,912.6633183333336,1.42555,0.0,21.189166666666665,20.898333333333333,70.02416666666666,69.75016666666667,,0.2350985014985018,,,
2024-07-27 07:00:00,19.17022,23.424995,21.399999999999995,12.71667,2169.925,20.823833333333333,71.9745,4.176683333333333,159.75,912.84655,46.4905,0.0,20.970333333333333,20.6715,72.10799999999999,71.84183333333334,,0.2350983016983021,,,
2024-07-27 08:00:00,20.007275,23.424995,21.391665,12.691665,2170.729,21.81066666666667,69.188,4.113933333333334,164.03,913.0122816666668,141.4515,0.0,21.95283333333333,21.66883333333333,69.365,68.9995,,0.2364305694305697,,,
2024-07-27 09:00:00,22.835175000000003,23.399999999999995,21.399999999999995,12.725,2171.4355,24.55816666666667,60.25716666666666,4.960133333333333,186.78333333333333,913.333985,408.1766666666666,0.0,24.702166666666667,24.39466666666667,60.681333333333335,59.85966666666666,,0.235764235764236,,,
2024-07-27 10:00:00,25.48937,23.35833,21.358335,12.71667,2173.004,26.9905,52.2135,5.556749999999999,191.575,913.16497,548.5583333333333,0.0,27.145333333333333,26.838833333333334,52.70916666666667,51.737,,0.239427172827173,,,
2024-07-27 11:00:00,26.9635,23.308335,21.316665,12.716665,2174.9735,29.09133333333333,45.747,6.1192,180.435,912.3988233333332,700.3283333333333,0.0,29.24533333333333,28.92183333333333,46.20433333333334,45.31366666666667,,0.2430903096903093,,,
2024-07-27 12:00:00,27.67089,23.25,21.3,12.699999999999998,2174.4285,30.5525,41.53866666666667,6.454833333333334,178.06,911.987805,778.8083333333333,0.0,30.72283333333333,30.38283333333333,42.006166666666665,41.09066666666667,,0.2467532467532468,,,
2024-07-27 13:00:00,28.92929,23.166665,21.258335,12.71667,2173.995,32.04983333333333,38.35166666666667,6.260566666666667,180.84,911.372125,867.0,0.0,32.229166666666664,31.865333333333336,38.853,37.85316666666667,,0.2510821178821183,,,
2024-07-27 14:00:00,29.08474,23.066665,21.2,12.699999999999998,2173.933,32.73233333333334,36.0895,6.248283333333333,172.27166666666665,910.6485583333334,767.94,0.0,32.905166666666666,32.559999999999995,36.491,35.7135,,0.2580753246753249,,,
2024-07-27 15:00:00,29.641385,22.991665,21.125,12.699999999999998,2172.5715,33.737833333333334,33.879666666666665,6.463533333333333,170.625,910.1332783333334,792.135,0.0,33.897166666666664,33.56616666666667,34.26366666666667,33.527166666666666,,0.2640693306693306,,,
2024-07-27 16:00:00,30.004275,22.899995,21.1,12.7,2169.785,34.08133333333333,32.396166666666666,6.602866666666667,174.70499999999998,909.558375,666.66,0.0,34.23633333333333,33.9155,32.740833333333335,32.05716666666667,,0.2687314685314684,,,
2024-07-27 17:00:00,29.977795,22.808335,21.016665,12.675,2168.6085,33.97816666666667,32.095166666666664,6.1666,180.57333333333327,909.016235,491.56666666666666,0.0,34.120333333333335,33.81783333333333,32.42216666666666,31.79883333333333,,0.2767232767232765,,,
2024-07-27 18:00:00,29.311715000000003,22.75833,21.0,12.683335,2165.9695,33.13766666666667,33.421,5.970283333333333,170.8,908.29336,310.38666666666666,0.0,33.29116666666667,32.96966666666667,33.6725,33.173833333333334,,0.2790543456543459,,,
2024-07-27 19:00:00,29.129935000000003,22.725,20.908335,12.666665,2158.9025,31.480166666666666,38.2125,5.0512,161.06333333333333,908.2431366666666,104.72366666666667,0.0,31.629166666666663,31.31983333333333,38.3795,38.059666666666665,,0.2847152847152849,,,
2024-07-27 20:00:00,27.383815,22.7,20.908335,12.616665,2159.0865,29.49816666666667,43.15716666666666,2.765283333333333,152.89833333333334,909.1045233333332,21.1688,0.0,29.64483333333333,29.341166666666663,43.294,43.03233333333333,,0.2877122877122879,,,
2024-07-27 21:00:00,25.98645,22.7,20.916665,12.65,2158.987,28.175166666666662,47.03616666666667,2.80525,149.68666666666667,909.2979966666668,0.0,0.0,28.319666666666667,28.028166666666667,47.156666666666666,46.918,,0.2860473526473528,,,
2024-07-27 22:00:00,25.859855,22.716670000000004,20.908335,12.699999999999998,2159.0345,27.499333333333333,50.47183333333333,3.921133333333333,155.67666666666668,909.89178,0.0,0.0,27.64483333333333,27.341666666666665,50.58616666666667,50.35816666666667,,0.2837160839160837,,,
2024-07-27 23:00:00,25.558335,22.691665,20.9,12.65833,2159.4215,24.89933333333333,60.89783333333333,3.72795,270.40833333333336,912.1092933333332,0.0,0.0,25.0715,24.724,61.2775,60.5145,,0.2867134865134867,,,
2024-07-28 00:00:00,19.183325,22.691665,20.9,12.65,2162.3235,18.2675,94.27166666666668,1.7354833333333337,273.285,913.785165,0.0,0.0169333333333333,18.41183333333333,18.11683333333333,94.51166666666668,94.03,,0.2870463536463534,5.071895456728589,6.086274548074306,1.2
2024-07-28 01:00:00,17.7497,22.749995,20.9,12.683335,2162.8700000000003,18.67366666666667,90.285,1.7356,224.43666666666667,914.0622783333332,0.0,0.0042333333333333,18.811,18.51533333333333,90.53333333333332,90.02833333333334,,0.2833834165834168,,,
2024-07-28 02:00:00,17.442355,22.791665,20.9,12.633335,2163.922,17.958000000000002,93.06833333333334,1.36245,254.28583333333333,913.7096133333332,0.0,0.0042333333333333,18.101666666666667,17.795333333333335,93.24333333333334,92.88666666666668,,0.2837162837162837,,,
2024-07-28 03:00:00,17.087865,24.466665000000003,20.908335,12.691665,2168.4395,17.693833333333334,93.955,1.55085,162.90333333333334,910.98137,0.0,0.0084666666666666,17.83133333333333,17.536833333333334,94.145,93.77666666666669,,0.2141192807192808,,,
2024-07-28 04:00:00,16.89934,28.075,20.908335,12.675,2260.5855,17.344833333333334,96.54666666666668,0.6731,102.00966666666666,909.8166,0.0,0.0042333333333333,17.482166666666668,17.19333333333333,96.70166666666668,96.38333333333334,,0.0705960039960041,,,
2024-07-28 05:00:00,16.06045,28.099995000000003,20.908335,12.633335,2283.545,16.6965,95.935,1.5649166666666663,179.93166666666667,909.2508666666668,0.0,0.0,16.834833333333332,16.539333333333335,96.09833333333331,95.76666666666668,,0.0712621378621374,,,
2024-07-28 06:00:00,15.283145,27.825000000000003,20.9,12.64167,2289.3005,16.455666666666666,95.35166666666667,0.67235,177.69416666666666,910.07811,0.50325,0.0042333333333333,16.600666666666665,16.302333333333333,95.49333333333334,95.19333333333334,,0.0822509490509491,,,
2024-07-28 07:00:00,15.459385,27.7,20.9,12.699999999999998,2289.1765,16.402166666666666,98.14666666666668,0.1413,67.37713333333333,910.666265,67.74166666666666,0.0,16.546666666666667,16.244,98.31,97.99333333333334,,0.0849150849150848,,,
2024-07-28 08:00:00,19.064325,27.641665000000003,20.9,12.641665,2288.929,19.108,92.46666666666668,1.39395,260.2916666666667,911.01637,229.49,0.0042333333333333,19.255333333333333,18.946,92.87,92.07333333333332,,0.0895772227772227,,,
2024-07-28 09:00:00,21.51918,27.583335,20.9,12.675,2289.1145,20.8735,83.85583333333334,2.6476,251.035,911.1005333333334,411.535,0.0,21.025666666666663,20.73166666666667,84.534,83.23066666666666,,0.0905760239760235,,,
2024-07-28 10:00:00,23.761895,27.5,20.891665,12.675,2290.3945,23.233833333333333,73.84333333333333,2.665116666666667,252.2783333333333,910.735785,582.815,0.0,23.388166666666667,23.079,74.84016666666666,72.95,,0.0942391608391605,,,
2024-07-28 11:00:00,25.543465,27.416665,20.866665,12.699999999999998,2290.563,26.01833333333333,62.562333333333335,2.8685,241.39166666666668,910.5186316666666,718.4966666666667,0.0042333333333333,26.178166666666662,25.869333333333334,63.6535,61.4695,,0.0975692307692311,,,
2024-07-28 12:00:00,26.630385,27.325000000000003,20.84167,12.699999999999998,2290.3765,27.763166666666667,58.256,3.1864,233.31166666666667,910.3699,809.4183333333333,0.0,27.9275,27.595333333333333,59.374,57.23016666666667,,0.1022309690309689,,,
2024-07-28 13:00:00,27.77332,27.200000000000003,20.8,12.641664999999998,2289.902,29.521166666666662,52.9155,2.61325,236.94333333333333,909.8806933333332,850.0833333333334,0.0,29.686333333333334,29.3485,54.08233333333333,51.8065,,0.1112221778221779,,,
2024-07-28 14:00:00,28.9952,27.075000000000003,20.8,12.675,2289.9055000000003,31.40533333333333,45.42733333333333,2.1731333333333334,249.2483333333333,909.5094183333332,834.65,0.0,31.5615,31.23883333333333,46.89566666666667,44.152,0.0796996711882315,0.1148851148851148,,,
2024-07-28 15:00:00,29.511995,26.941665,20.73333,12.65833,2289.368,32.57716666666667,41.6075,1.92625,242.1083333333333,909.0751166666666,765.2283333333332,0.0,32.736666666666665,32.39983333333333,42.97116666666667,40.295,0.3300886667963549,0.1235434565434569,,,
2024-07-28 16:00:00,29.798465000000004,26.866665,20.675,12.68333,2288.4190000000003,33.0085,39.41666666666666,2.2600333333333333,218.48,908.5859216666666,657.66,0.0,33.16466666666667,32.84466666666667,40.77883333333333,38.30316666666667,0.9377284043943316,0.1278723276723274,,,
2024-07-28 17:00:00,29.85229,26.75,20.683335,12.666670000000002,2283.798,33.189166666666665,40.42166666666667,3.4389833333333333,205.54,908.3451733333332,517.0666666666667,0.0,33.33116666666667,33.03216666666667,41.387166666666666,39.56033333333333,,0.1328669330669331,,,
2024-07-28 18:00:00,30.1668,26.641665000000003,20.675,12.691665,2272.211,32.863166666666665,43.203,3.2071,194.1,908.249905,351.8583333333333,0.0,33.011,32.707,44.00633333333334,42.53366666666667,,0.1365302697302698,,,
2024-07-28 19:00:00,29.20865,26.600000000000005,20.6,12.65,2269.0945,31.537666666666667,48.17733333333333,2.1562,195.25,908.4840533333332,134.839,0.0,31.687,31.3835,48.71366666666667,47.617,,0.1428571428571427,,,
2024-07-28 20:00:00,26.745815000000004,26.600000000000005,20.6,12.675,2268.3285,28.921166666666668,51.06433333333334,1.9745166666666667,185.81733333333327,908.92325,22.47853333333333,0.0,29.08083333333333,28.74633333333333,51.66033333333333,50.53216666666666,,0.1418581418581415,,,
2024-07-28 21:00:00,22.578335,26.50833,20.6,12.666665,2268.0805,24.143833333333337,64.78966666666666,1.48035,151.85865,908.9337133333332,0.0057166666666666,0.0,24.317166666666665,23.976666666666667,65.48816666666667,64.07883333333334,,0.1458543456543454,,,
2024-07-28 22:00:00,20.284835,26.50833,20.625,12.625,2267.95,21.831,76.9625,1.7884166666666663,191.3283333333333,909.7773683333332,0.0,0.0,21.981,21.680333333333333,77.2075,76.709,,0.1465202797202797,,,
2024-07-28 23:00:00,18.598345,26.5,20.608335,12.675,2267.95,20.607333333333333,80.75316666666666,1.1319,229.2835,910.6642933333331,0.0,0.0,20.7605,20.442833333333333,81.10883333333332,80.38650000000001,,0.1455210789210788,,,
2024-07-29 00:00:00,16.953039999999998,26.5,20.633335,12.666665,2267.95,19.44933333333333,81.85083333333334,1.1293333333333335,162.16,910.8314583333332,0.0,0.0,19.604333333333333,19.28966666666667,82.18516666666666,81.53216666666667,,0.1448551448551448,5.4288634395039495,6.5146361274047395,1.2
2024-07-29 01:00:00,16.45455,26.483335,20.65,12.658335,2267.95,18.928,81.49583333333334,0.9484666666666668,133.76133333333334,910.8262966666666,0.0,0.0,19.0825,18.772,81.8415,81.146,,0.1451880119880121,,,
2024-07-29 02:00:00,15.474525,26.5,20.633335,12.666665,2267.95,17.09016666666667,87.63333333333334,1.2340000000000002,168.69500000000002,911.19409,0.0,0.0,17.235333333333333,16.930833333333332,87.91666666666667,87.34666666666666,,0.1448551448551448,,,
2024-07-29 03:00:00,15.11732,26.425,20.608335,12.683335,2267.95,16.699666666666666,87.69333333333334,0.9939833333333332,154.245,910.98405,0.0,0.0,16.847166666666666,16.543,87.93666666666667,87.45,,0.1481850149850151,,,
2024-07-29 04:00:00,14.067605,26.416665,20.65,12.641665,2267.95,15.377,92.105,1.49155,171.76666666666668,911.139145,0.0,0.0,15.523666666666664,15.217166666666666,92.35833333333332,91.83833333333334,,0.1485182817182818,,,
2024-07-29 05:00:00,13.536885,26.399999999999995,20.7,12.64167,2267.95,14.637833333333331,93.15166666666669,0.91355,169.00231666666664,911.662465,0.0,0.0,14.7775,14.501833333333334,93.36833333333334,92.92333333333332,,0.1471860139860142,,,
2024-07-29 06:00:00,13.060520000000002,26.399999999999995,20.7,12.666670000000002,2267.95,14.064666666666666,94.54166666666669,0.69655,146.35575,912.5927833333334,1.2108166666666669,0.0,14.1955,13.926166666666669,94.74,94.34833333333331,,0.146187012987013,,,
2024-07-29 07:00:00,12.89638,26.399999999999995,20.7,12.666670000000002,2267.95,14.888666666666667,94.95666666666666,0.1666,72.78999999999999,913.1656333333334,59.4955,0.0,15.027166666666666,14.731833333333332,95.14,94.76,,0.146187012987013,,,
2024-07-29 08:00:00,,,,,,18.7545,86.405,0.4429666666666667,282.3931666666667,913.2819833333334,241.94166666666663,0.0,18.9055,18.5895,86.905,85.92166666666667,,,,,
2024-07-29 09:00:00,,,,,,22.165333333333333,80.71033333333334,1.1874,77.48831666666666,913.52809,422.39833333333337,0.0,22.310166666666664,22.02083333333333,81.50433333333334,79.99533333333333,,,,,
2024-07-29 10:00:00,,,,,,24.904,71.81400000000001,1.53005,49.25333333333333,913.7039833333332,589.1733333333334,0.0,25.061333333333334,24.749333333333333,72.75533333333333,70.8495,,,,,
2024-07-29 11:00:00,,,,,,27.82283333333333,63.29716666666666,1.3074,88.25510000000001,913.4163466666666,726.7083333333334,0.0,27.979166666666668,27.660666666666668,64.44966666666667,62.214000000000006,,,,,
2024-07-29 12:00:00,,,,,,30.055666666666664,56.1825,1.7132833333333333,61.13601666666667,913.4990516666668,818.2833333333333,0.0,30.206666666666667,29.898000000000003,57.51933333333333,54.79783333333333,,,,,
2024-07-29 13:00:00,,,,,,31.3695,53.62416666666666,1.8119666666666667,66.62516666666667,913.12001,855.7166666666667,0.0,31.52316666666667,31.201833333333333,55.179,52.22366666666667,,,,,
2024-07-29 14:00:00,,,,,,33.379333333333335,42.68116666666666,2.4735,156.90316666666666,912.7459966666668,849.2166666666667,0.0,33.535,33.21083333333333,44.02466666666667,41.41783333333333,,,,,
2024-07-29 15:00:00,,,,,,34.28866666666667,37.76533333333334,3.4158166666666667,159.41,912.17891,785.855,0.0,34.441500000000005,34.12566666666667,38.78083333333333,36.821000000000005,,,,,
2024-07-29 16:00:00,,,,,,34.52033333333333,36.288,3.6404,158.68166666666667,911.7613866666668,676.9933333333333,0.0,34.67816666666667,34.35316666666667,37.22433333333333,35.43816666666667,,,,,
2024-07-29 17:00:00,,,,,,34.246833333333335,39.341166666666666,3.63925,157.11499999999998,911.4845783333332,528.5266666666666,0.0,34.3965,34.08016666666666,40.24066666666667,38.629333333333335,,,,,
2024-07-29 18:00:00,31.0089,25.399999999999995,20.3,12.6,2026.883,33.64116666666667,41.97366666666667,3.961766666666666,160.57666666666668,911.0410766666666,355.0683333333333,0.0,33.78883333333333,33.477833333333336,42.43266666666667,41.4965,,0.2047952047952048,,,
2024-07-29 19:00:00,,,,,,32.67766666666667,43.8375,3.4312666666666667,159.825,910.623605,162.82666666666668,0.0,32.81766666666667,32.5215,44.20316666666667,43.497,,,,,
2024-07-29 20:00:00,,,,,,30.533166666666663,49.97933333333333,2.775116666666667,159.35,910.3345216666668,38.3102,0.0,30.68383333333333,30.3745,50.224,49.752833333333335,,,,,
2024-07-29 21:00:00,,,,,,28.1335,57.95366666666666,3.121266666666666,155.54500000000002,910.11874,0.0,0.0,28.2775,27.98,58.09683333333333,57.80333333333333,,,,,
2024-07-29 22:00:00,,,,,,26.438,65.61933333333333,3.0958166666666664,160.17333333333332,910.0818916666668,0.0,0.0,26.579,26.28216666666667,65.77900000000001,65.46216666666666,,,,,
2024-07-29 23:00:00,,,,,,26.319333333333336,65.64466666666667,3.532633333333333,158.145,909.8681166666668,0.0,0.0,26.45566666666667,26.169666666666668,65.788,65.50066666666666,,,,,
2024-07-30 00:00:00,,,,,,25.693666666666665,69.8235,3.23915,151.77333333333334,909.8392833333334,0.0,0.0,25.836,25.54083333333333,69.97666666666667,69.67733333333334,,,5.613697210811492,6.73643665297379,1.2
2024-07-30 01:00:00,,,,,,24.368,76.87566666666666,1.7578166666666666,157.08333333333334,909.565465,0.0,0.0,24.502166666666668,24.211166666666667,77.04783333333333,76.71166666666666,,,,,
2024-07-30 02:00:00,,,,,,22.564166666666665,85.14,1.2734,123.11716666666666,909.420465,0.0,0.0,22.71183333333333,22.4165,85.395,84.89833333333333,,,,,
2024-07-30 03:00:00,,,,,,22.0855,89.27333333333333,0.8674999999999999,162.92999999999998,910.0833033333332,0.0,0.0,22.2355,21.9545,89.45,89.09333333333333,,,,,
2024-07-30 04:00:00,,,,,,21.84016666666667,87.85333333333332,1.1143666666666665,142.54083333333335,909.042665,0.0,0.0,21.98783333333333,21.695666666666668,88.105,87.60333333333332,,,,,
2024-07-30 05:00:00,,,,,,22.49116666666667,84.68166666666666,1.4135833333333332,119.23966666666666,908.74099,0.0,0.0,22.63516666666667,22.349666666666668,84.87666666666668,84.47833333333332,,,,,
2024-07-30 06:00:00,,,,,,21.517666666666667,88.13000000000001,1.1959166666666663,154.5385,908.97706,0.3483166666666666,0.0,21.65033333333333,21.374333333333333,88.36666666666666,87.91333333333334,,,,,
2024-07-30 07:00:00,,,,,,22.7335,79.47666666666667,1.6468833333333337,160.60566666666668,908.9038666666668,59.273,0.0,22.883666666666667,22.58333333333333,79.7585,79.18733333333333,,,,,
2024-07-30 08:00:00,,,,,,25.378666666666668,69.36466666666666,1.2785833333333334,201.0953,909.335015,221.0025,0.0,25.52733333333333,25.21966666666667,69.95766666666667,68.82133333333333,,,,,
2024-07-30 09:00:00,,,,,,25.368,75.44216666666667,1.66165,265.9361333333333,909.9733933333332,423.0933333333333,0.0,25.50783333333333,25.20883333333333,76.13816666666666,74.72183333333334,,,,,
2024-07-30 10:00:00,,,,,,27.267333333333333,68.24533333333333,1.7392166666666666,306.91414999999995,910.0712066666669,582.5683333333333,0.0,27.40533333333333,27.11466666666667,69.19966666666666,67.29316666666666,,,,,
2024-07-30 11:00:00,,,,,,29.5225,62.232,1.73965,298.0519333333333,910.0980383333332,722.1133333333333,0.0,29.682166666666667,29.358833333333333,63.35183333333334,61.182,,,,,
2024-07-30 12:00:00,,,,,,31.847166666666663,56.16116666666667,1.3403166666666666,263.70598333333334,909.9818416666666,816.575,0.0,31.99633333333333,31.686833333333333,57.50816666666667,54.95683333333333,,,,,
2024-07-30 13:00:00,,,,,,33.30016666666667,52.51,1.24515,243.7358333333333,909.8297033333332,863.5,0.0,33.454166666666666,33.1365,53.76233333333333,51.27916666666667,,,,,
2024-07-30 14:00:00,,,,,,34.622499999999995,48.05833333333333,1.1679666666666668,168.72666666666666,909.5843783333332,851.1666666666666,0.0,34.78,34.452666666666666,49.17233333333333,47.005,,,,,
2024-07-30 15:00:00,,,,,,35.26716666666667,47.11483333333333,1.42585,75.23859999999999,909.3313133333334,780.3483333333334,0.0,35.429,35.095,48.53066666666667,45.866166666666665,,,,,
2024-07-30 16:00:00,,,,,,34.54066666666667,50.051833333333335,2.3991666666666664,57.69166666666667,908.8226633333333,673.5883333333334,0.0,34.69233333333333,34.37716666666667,51.204166666666666,48.90566666666667,,,,,
2024-07-30 17:00:00,,,,,,35.80883333333334,44.9175,1.7503,115.894,908.3762516666668,524.1316666666667,0.0,35.96516666666666,35.64566666666666,45.99916666666666,43.848333333333336,,,,,
2024-07-30 18:00:00,,,,,,35.3115,45.56466666666667,1.7185,106.0815,908.1493983333334,354.37166666666667,0.0,35.505,35.104,47.429,43.6265,,,,,
2024-07-30 19:00:00,,,,,,34.6775,42.122,1.9163333333333328,135.32733333333334,908.2278183333332,150.55066666666664,0.0,34.83716666666667,34.51316666666666,42.79966666666667,41.35933333333333,,,,,
2024-07-30 20:00:00,,,,,,30.482166666666668,65.03666666666666,0.7788,124.54733333333334,908.2997733333334,24.71415,0.0,30.617833333333333,30.332666666666668,65.38583333333334,64.66383333333333,,,,,
2024-07-30 21:00:00,,,,,,28.874166666666667,62.67133333333334,1.4923166666666667,143.46666666666667,908.35043,0.0,0.0,29.021,28.721166666666665,62.94083333333333,62.41566666666667,,,,,
2024-07-30 22:00:00,,,,,,25.448,82.96700000000001,0.45105,109.2915,908.9152566666668,0.0,0.0,25.600666666666665,25.2785,83.32883333333332,82.62533333333334,,,,,
2024-07-30 23:00:00,,,,,,23.094833333333334,92.86666666666666,0.33285,70.69833333333332,909.2497233333332,0.0,0.0,23.24866666666667,22.942,93.35333333333332,92.41,,,,,
2024-07-31 00:00:00,,,,,,23.02,96.73166666666664,1.1433666666666666,69.99183333333333,909.5805633333332,0.0,0.0,23.1655,22.8805,96.92833333333331,96.53333333333332,,,4.179376810170577,5.0152521722046925,1.2
2024-07-31 01:00:00,,,,,,23.5505,95.00666666666666,1.08735,75.666,909.9227483333332,0.0,0.0,23.693166666666663,23.3945,95.15833333333332,94.84833333333331,,,,,
2024-07-31 02:00:00,,,,,,22.843666666666664,95.48,0.5147833333333334,39.1535,909.8519916666668,0.0,0.0,22.985833333333336,22.694,95.64666666666668,95.30333333333331,,,,,
2024-07-31 03:00:00,,,,,,22.484166666666667,96.20166666666668,2.1264333333333334,174.49949999999998,910.5253766666666,0.0,0.0,22.637,22.334333333333333,96.41666666666669,96.00166666666668,,,,,
2024-07-31 04:00:00,,,,,,21.751,96.98666666666666,0.4159333333333333,116.16088333333332,910.100425,0.0,0.0,21.90333333333333,21.5975,97.16333333333334,96.805,,,,,
2024-07-31 05:00:00,,,,,,20.45983333333333,99.04166666666669,0.6079333333333333,155.11916666666667,909.965365,0.0,0.0,20.61916666666667,20.293666666666663,99.19833333333332,98.865,,,,,
2024-07-31 06:00:00,,,,,,20.497166666666665,99.55833333333334,0.5075166666666667,120.61116666666666,909.979965,0.0,0.0,20.654666666666667,20.332833333333333,99.70666666666666,99.395,,,,,
2024-07-31 07:00:00,,,,,,22.58533333333333,84.218,3.1973666666666665,233.2933333333333,911.4450133333332,1.517283333333333,0.0,22.758333333333333,22.401666666666664,84.96766666666667,83.44683333333334,,,,,
2024-07-31 08:00:00,,,,,,25.900666666666663,44.9935,1.6366666666666667,180.78866666666667,911.91069,18.6886,0.0,26.092,25.692166666666665,46.04266666666667,43.9865,,,,,
2024-07-31 09:00:00,,,,,,24.26783333333333,67.11316666666667,2.28255,241.70665,911.679205,55.96541666666667,0.0,24.428,24.101,67.71583333333334,66.57983333333333,,,,,
2024-07-31 10:00:00,,,,,,25.215666666666667,76.49566666666666,2.51935,326.6505333333333,911.9504566666668,220.44,0.0,25.36233333333333,25.055666666666664,77.00583333333334,75.98216666666667,,,,,
2024-07-31 11:00:00,,,,,,28.846166666666665,58.53283333333333,2.0483,283.73051666666663,912.0202066666666,404.9766666666666,0.0,29.013666666666666,28.67533333333333,59.67483333333333,57.28033333333334,,,,,
2024-07-31 12:00:00,,,,,,29.660833333333336,54.88016666666667,2.669366666666667,304.00015,912.6297883333332,415.82,0.0,29.820666666666668,29.4965,55.84683333333333,53.82933333333333,,,,,
2024-07-31 13:00:00,,,,,,31.39,50.98566666666667,2.2612,229.2531,912.785685,552.2199999999999,0.0,31.546,31.218166666666665,52.40866666666667,49.638000000000005,,,,,
2024-07-31 14:00:00,,,,,,32.657833333333336,40.446000000000005,2.747866666666667,217.39713333333333,912.9689233333334,757.9033333333333,0.0,32.83116666666667,32.481833333333334,42.04216666666667,38.78633333333333,,,,,
2024-07-31 15:00:00,,,,,,33.045833333333334,40.5315,2.552333333333333,159.1877333333333,913.1218483333332,629.1433333333333,0.0,33.208333333333336,32.876666666666665,41.76833333333333,39.270833333333336,,,,,
2024-07-31 16:00:00,,,,,,33.95916666666667,38.05916666666667,2.41325,257.32225,913.0840566666668,671.8816666666667,0.0,34.11716666666667,33.79566666666667,39.387166666666666,36.6605,,,,,
2024-07-31 17:00:00,,,,,,33.42466666666667,38.495,2.1216,166.93951666666666,912.7787716666668,508.0783333333333,0.0,33.58266666666667,33.26833333333333,39.705000000000005,37.209500000000006,,,,,
2024-07-31 18:00:00,,,,,,32.54666666666667,38.61266666666667,1.90945,207.4988666666667,912.8303983333334,334.495,0.0,32.702666666666666,32.39533333333333,39.71566666666667,37.58283333333333,,,,,
2024-07-31 19:00:00,,,,,,30.785666666666668,42.66666666666666,1.3802166666666666,172.36916666666667,913.218955,143.4586666666667,0.0,30.9345,30.624666666666663,43.50216666666667,41.81283333333333,,,,,
2024-07-31 20:00:00,25.226199999999995,23.3,19.6,12.6,1546.375,27.331666666666667,52.27133333333334,0.5878666666666666,73.50311666666667,913.9569816666666,29.0703,0.0,27.4725,27.16183333333333,52.85216666666667,51.632666666666665,,0.3166833166833164,,,
2024-07-31 21:00:00,,,,,,21.139166666666664,72.51933333333334,1.1990666666666667,194.22166666666664,914.4120816666668,0.0,0.0,21.28,20.980833333333333,72.83200000000001,72.21316666666667,,,,,
2024-07-31 22:00:00,,,,,,20.376,71.8515,0.6812833333333334,144.65666666666667,915.3476783333332,0.0,0.0,20.531166666666664,20.207666666666668,72.32333333333332,71.36266666666667,,,,,
2024-07-31 23:00:00,,,,,,22.310166666666664,61.3615,0.2545666666666666,54.57933333333333,916.1081283333332,0.0,0.0,22.44366666666667,22.16166666666667,61.85316666666667,60.9275,,,,,
2024-08-01 00:00:00,,,,,,21.63383333333333,66.62366666666667,0.1379333333333333,45.55683333333333,916.946735,0.0,0.0,21.7805,21.483666666666668,66.97816666666667,66.23816666666667,,,5.099879184074781,6.119855020889736,1.2
2024-08-01 01:00:00,,,,,,19.487,77.57283333333334,0.5143833333333333,82.40883333333333,917.540595,0.0,0.0,19.642,19.33033333333333,77.81166666666667,77.34116666666667,,,,,
2024-08-01 02:00:00,,,,,,18.185166666666664,86.325,1.4359833333333334,187.3083333333333,917.8625316666668,0.0,0.0,18.333,18.021833333333333,86.57,86.08166666666666,,,,,
2024-08-01 03:00:00,,,,,,17.010166666666667,93.03,0.0609166666666666,17.196666666666665,918.2467,0.0,0.0,17.147666666666666,16.854499999999998,93.215,92.81,,,,,
2024-08-01 04:00:00,,,,,,15.455,95.93333333333334,0.6552333333333333,105.49333333333334,918.6186016666668,0.0,0.0,15.597,15.299833333333334,96.14666666666668,95.70333333333332,,,,,
2024-08-01 05:00:00,,,,,,14.5265,97.68666666666668,0.9885666666666668,192.515,918.9412983333332,0.0,0.0,14.662166666666668,14.390833333333337,97.83666666666666,97.53,,,,,
2024-08-01 06:00:00,,,,,,13.772833333333333,97.90333333333334,1.4594666666666667,193.96166666666667,919.4610516666668,1.17325,0.0,13.9155,13.6325,98.05333333333331,97.76333333333334,,,,,
2024-08-01 07:00:00,,,,,,14.995,98.02166666666668,1.0055,206.84833333333333,920.0229466666666,59.07333333333334,0.0,15.151833333333334,14.833,98.2,97.855,,,,,
2024-08-01 08:00:00,,,,,,19.378833333333333,85.71883333333334,0.9532833333333331,283.3183333333333,920.7860516666666,228.2133333333333,0.0,19.5325,19.21916666666667,86.21066666666667,85.25316666666666,,,,,
2024-08-01 09:00:00,,,,,,23.896166666666662,72.22633333333333,1.19345,298.2433333333333,921.1009233333332,400.47333333333336,0.0,24.051666666666662,23.7415,72.92066666666666,71.47733333333333,,,,,
2024-08-01 10:00:00,,,,,,27.24,63.204166666666666,1.3954,311.49816666666663,921.1668583333334,567.045,0.0,27.389333333333337,27.08083333333333,64.087,62.31216666666667,,,,,
2024-08-01 11:00:00,,,,,,30.4565,43.26616666666666,1.4225833333333333,218.7907,921.2641766666668,706.8533333333332,0.0,30.617,30.28983333333333,44.2225,42.4245,,,,,
2024-08-01 12:00:00,,,,,,32.324,35.11816666666667,1.3164,257.07668333333334,921.408055,803.1183333333333,0.0,32.474000000000004,32.15416666666667,36.6355,33.855333333333334,,,,,
2024-08-01 13:00:00,,,,,,33.231,30.441333333333333,1.2366,133.7046,921.3403216666668,851.7333333333333,0.0,33.3915,33.06166666666667,31.8555,29.220666666666663,,,,,
2024-08-01 14:00:00,,,,,,33.9125,29.02083333333333,1.19995,91.59943333333334,921.0175466666666,835.6833333333333,0.0,34.07966666666667,33.738166666666665,30.090666666666667,28.107333333333333,,,,,
2024-08-01 15:00:00,,,,,,33.937,30.92833333333333,1.5175166666666666,94.61826666666666,920.7982683333332,762.9733333333334,0.0,34.103500000000004,33.76166666666667,32.15716666666667,29.782666666666668,,,,,
2024-08-01 16:00:00,,,,,,34.29333333333333,31.841,1.32855,106.84605,920.5477733333332,650.295,0.0,34.45066666666666,34.134,33.265,30.675,,,,,
2024-08-01 17:00:00,,,,,,33.82383333333333,34.34316666666667,1.559583333333333,52.47933333333334,920.39882,503.3833333333333,0.0,33.98466666666666,33.653666666666666,35.666000000000004,33.0035,,,,,
2024-08-01 18:00:00,,,,,,32.996833333333335,38.9335,1.3017333333333334,48.0585,920.17515,331.81666666666666,0.0,33.144,32.836666666666666,40.246,37.63283333333333,,,,,
2024-08-01 19:00:00,,,,,,31.5085,43.2995,0.9789833333333332,56.429,920.1849316666668,146.192,0.0,31.6635,31.3475,44.4395,42.199333333333335,,,,,
2024-08-01 20:00:00,,,,,,29.236,49.75533333333333,0.8999666666666666,115.84216666666666,920.5391833333334,29.45625,0.0,29.379,29.08383333333333,50.196333333333335,49.3875,,,,,
2024-08-01 21:00:00,,,,,,27.219,53.002,1.5480333333333334,154.22,921.1780433333332,0.0,0.0,27.346666666666668,27.0825,53.15733333333333,52.85616666666667,,,,,
2024-08-01 22:00:00,,,,,,25.416666666666668,59.823,1.2879833333333333,154.07833333333335,921.8733233333334,0.0,0.0,25.559833333333334,25.2635,59.9655,59.672,,,,,
2024-08-01 23:00:00,,,,,,24.14,66.27783333333333,0.8745499999999999,149.268,922.1872716666666,0.0,0.0,24.284333333333333,23.98483333333333,66.44666666666667,66.10666666666667,,,,,
2024-08-02 00:00:00,,,,,,21.950666666666667,79.265,0.3305499999999999,84.66233333333334,922.90709,0.0,0.0,22.098166666666668,21.792666666666666,79.53033333333333,78.98483333333334,,,5.791614943479017,6.94993793217482,1.2
2024-08-02 01:00:00,,,,,,20.881833333333336,86.28333333333333,0.1122,34.35466666666667,923.08632,0.0,0.0,21.019166666666667,20.721833333333333,86.55,86.015,,,,,
2024-08-02 02:00:00,,,,,,19.183,92.61333333333332,0.6885,154.23999999999998,923.0596016666666,0.0,0.0,19.331666666666667,19.027833333333334,92.87333333333332,92.345,,,,,
2024-08-02 03:00:00,,,,,,20.52833333333333,89.94333333333334,0.5475166666666667,145.97116666666668,923.3026833333332,0.0,0.0,20.687,20.3735,90.15666666666668,89.69833333333332,,,,,
2024-08-02 04:00:00,,,,,,19.48933333333333,93.515,0.8165,47.48983333333333,923.2867983333332,0.0,0.0,19.636333333333333,19.331166666666665,93.695,93.31166666666668,,,,,
2024-08-02 05:00:00,,,,,,19.169,95.145,0.2547833333333333,24.4839,923.3651983333332,0.0,0.0,19.3225,19.008166666666668,95.29833333333336,94.96,,,,,
2024-08-02 06:00:00,,,,,,18.7655,96.40166666666669,0.5759166666666666,56.90318333333333,923.4007033333332,1.0525666666666669,0.0,18.90716666666667,18.60933333333333,96.54666666666668,96.23666666666666,,,,,
2024-08-02 07:00:00,,,,,,19.596833333333333,90.93333333333334,0.7949333333333333,58.633500000000005,923.3198133333334,57.37416666666666,0.0,19.750666666666667,19.436833333333333,91.265,90.58666666666666,,,,,
2024-08-02 08:00:00,,,,,,22.7015,79.66583333333332,1.037383333333333,62.01583333333333,923.4763166666668,211.31066666666663,0.0,22.85033333333333,22.54416666666667,80.50916666666667,78.75533333333333,,,,,
2024-08-02 09:00:00,,,,,,27.96,52.6065,2.839233333333333,161.80833333333334,923.1860716666666,399.3366666666667,0.0,28.108833333333333,27.798,53.071333333333335,52.165333333333336,,,,,
2024-08-02 10:00:00,28.5064,22.100000000000005,19.23333,12.666670000000002,857.1385999999999,29.61433333333333,50.89233333333333,3.3736166666666665,178.47666666666666,923.0600216666668,564.6166666666667,0.0,29.763666666666666,29.4465,51.50966666666667,50.36033333333333,,0.3766233766233764,,,
2024-08-02 11:00:00,28.886710000000004,22.025,19.2,12.6,817.86085,31.33383333333333,41.42833333333333,3.4099833333333334,174.51833333333337,922.9339683333332,701.4233333333334,0.0,31.507166666666667,31.158166666666663,42.121833333333335,40.744,,0.3836163836163836,,,
2024-08-02 12:00:00,28.75961,21.974995000000003,19.191665,12.65,730.8566999999999,32.529666666666664,38.78083333333333,3.2980333333333336,169.82999999999998,922.6320933333334,795.8916666666667,0.0,32.721666666666664,32.34166666666667,39.431666666666665,38.120666666666665,1.75495643538996,0.3839496503496503,,,
2024-08-02 13:00:00,29.392225,21.825000000000003,19.125,12.616665,633.2158000000001,33.50533333333333,37.17383333333333,3.45295,171.92666666666668,922.27499,837.6833333333333,0.0,33.67666666666666,33.31616666666667,37.93283333333333,36.4765,1.968317743509108,0.3939394605394605,,,
2024-08-02 14:00:00,29.45938,21.733335,19.075,12.63333,588.49965,34.16433333333334,33.04216666666667,4.1167,167.86333333333332,921.813815,829.3333333333334,0.0,34.34616666666667,33.9635,33.608,32.52466666666667,,0.3989344655344652,,,
2024-08-02 15:00:00,30.00945,21.63333,19.0,12.63333,588.51495,34.59,31.38733333333333,4.108766666666667,156.255,921.1992516666668,764.2133333333334,0.0,34.769666666666666,34.407666666666664,31.823666666666668,30.957,,0.4059276723276725,,,
2024-08-02 16:00:00,30.040905,21.55833,18.975,12.583335,496.26735,34.8305,32.34133333333333,4.063733333333333,153.09,920.5436033333332,650.2283333333332,0.0,35.021166666666666,34.63883333333333,32.795,31.9435,,0.4119214785214781,,,
2024-08-02 17:00:00,30.082980000000003,21.5,18.9,12.591665,459.9743,34.537,33.608,3.9325,153.91833333333335,920.067355,498.8383333333333,0.0,34.6945,34.37583333333334,34.007,33.264,,0.4169164835164836,,,
2024-08-02 18:00:00,30.699070000000003,21.391665,18.9,12.550000000000002,458.4702,33.8645,35.535,3.61585,151.65833333333333,919.5752466666668,326.67833333333334,0.0,34.019333333333336,33.69766666666667,35.81016666666667,35.26199999999999,,0.4229104895104892,,,
2024-08-02 19:00:00,29.846925,21.375,18.9,12.583335,456.05005,32.313,39.01583333333333,2.8247166666666668,141.075,919.2539033333334,145.6765,0.0,32.45633333333333,32.1585,39.24783333333333,38.79766666666667,,0.422244355644356,,,
2024-08-02 20:00:00,26.680825,21.308335,18.891665,12.583335,452.0806,28.62833333333333,53.57166666666667,0.9353333333333332,109.46416666666669,919.48909,14.4283,0.0,28.769166666666667,28.475,53.83716666666667,53.3135,,0.4252413586413583,,,
2024-08-02 21:00:00,24.587185,21.366665,18.891665,12.583335,436.17325,27.072166666666664,53.23800000000001,1.6710833333333333,140.56333333333333,920.05714,0.0,0.0,27.208666666666662,26.92983333333333,53.3895,53.088166666666666,,0.4229104895104892,,,
2024-08-02 22:00:00,24.700325000000003,21.399999999999995,18.883335,12.591665,406.95365,26.389,51.50866666666666,2.726583333333333,147.735,920.2336466666668,0.0,0.0,26.5285,26.237666666666662,51.662,51.3675,,0.4215784215784217,,,
2024-08-02 23:00:00,24.75707,21.333335,18.891665,12.55833,376.3826000000001,26.3905,50.55383333333334,2.49935,211.9633333333333,921.217655,0.0,0.0,26.527833333333334,26.2315,50.77166666666667,50.33633333333333,,0.4252415584415587,,,
2024-08-03 00:00:00,24.432565,21.399999999999995,18.866665,12.55,357.75535,25.3875,57.57,0.6431333333333333,209.3863333333333,921.5450933333334,0.0,0.0,25.53483333333333,25.2335,57.88533333333333,57.25916666666667,,0.4239094905094908,6.15522162471229,7.386265949654748,1.2
2024-08-03 01:00:00,20.739735,21.325,18.9,12.541670000000002,338.5092,21.932,73.98333333333333,0.4672166666666666,171.49166666666667,920.6659033333332,0.0,0.0,22.0725,21.784333333333333,74.24583333333334,73.71433333333333,,0.4259072927072925,,,
2024-08-03 02:00:00,19.84641,21.358335,18.9,12.583335,327.6794,22.297,70.23716666666665,1.1676666666666666,137.89666666666665,919.5774433333332,0.0,0.0,22.451,22.149166666666662,70.50083333333333,69.97483333333334,,0.4229102897102899,,,
2024-08-03 03:00:00,21.67659,21.308335,18.9,12.591665,310.41360000000003,23.646,60.751333333333335,2.542533333333333,161.035,918.830815,0.0,0.0,23.794833333333333,23.490333333333336,60.9195,60.583333333333336,,0.4245754245754244,,,
2024-08-03 04:00:00,21.909365,21.325,18.908335,12.591665,284.54580000000004,23.303,61.10083333333333,2.823383333333333,164.60333333333335,918.7192933333332,0.0,0.0,23.442833333333333,23.148666666666667,61.231,60.97016666666666,,0.4235764235764231,,,
2024-08-03 05:00:00,21.25749,21.308335,18.9,12.583335,258.36855,22.176666666666662,67.993,2.2685833333333334,245.1383333333333,919.1330733333332,0.0,0.0,22.32333333333333,22.020666666666667,68.1985,67.792,,0.4249082917082917,,,
2024-08-03 06:00:00,18.0546,21.3,18.9,12.558335,250.26165,19.71516666666667,81.64366666666666,0.8051499999999999,209.89166666666668,919.706715,0.3061,0.0,19.861833333333333,19.559833333333334,81.8495,81.42,,0.4262403596403595,,,
2024-08-03 07:00:00,17.064465,21.3,18.9,12.591665,249.519,18.912666666666667,84.7325,1.0902666666666667,209.11166666666668,919.6267983333332,31.482166666666668,0.0,19.058333333333334,18.750166666666665,85.012,84.43066666666667,,0.4249084915084917,,,
2024-08-03 08:00:00,20.796505,21.3,18.9,12.6,249.2715,22.259,69.24549999999999,1.3865333333333334,278.30833333333334,919.2929416666668,237.61666666666667,0.0,22.4035,22.10183333333333,69.736,68.76766666666667,,0.4245754245754244,,,
2024-08-03 09:00:00,24.26554,21.3,18.891665,12.6,236.89455,24.45533333333333,62.90266666666666,1.7030833333333333,296.635,919.2373633333334,418.5,0.0,24.6035,24.285500000000003,63.48783333333333,62.40833333333333,,0.4249084915084917,,,
2024-08-03 10:00:00,26.498165,21.241670000000003,18.9,12.575,213.59175,27.311833333333333,53.713,1.51605,285.085,919.3057666666666,583.9300000000001,0.0,27.471833333333333,27.151333333333334,54.36516666666667,53.16633333333333,,0.4279052947052946,,,
2024-08-03 11:00:00,28.116675,21.166665,18.84167,12.591665,174.40505,30.501166666666663,43.961,1.1430333333333331,301.06266666666664,919.1867033333332,722.6216666666667,0.0,30.66733333333333,30.33533333333333,44.72983333333333,43.23416666666667,,0.4325674325674325,,,
2024-08-03 12:00:00,29.24726,21.1,18.81667,12.6,117.8881,33.1465,37.9055,1.271016666666667,146.56996666666666,918.8229016666668,811.5816666666667,0.0,33.299166666666665,32.98316666666667,38.96933333333333,36.83916666666666,0.0469507594084294,0.4358973026973027,,,
2024-08-03 13:00:00,30.309700000000003,21.00833,18.8,12.6,62.66819999999999,34.43966666666667,32.392833333333336,2.280066666666667,200.665,918.2906133333332,854.5166666666667,0.0,34.602333333333334,34.269,32.9585,31.75433333333333,0.8887305008073068,0.4402265734265733,,,
2024-08-03 14:00:00,30.5864,20.875,18.791665,12.55833,0.0,35.126,29.109,2.5143166666666668,166.93183333333334,918.000965,846.2833333333333,0.0,35.308,34.95183333333333,29.7055,28.575666666666667,1.3120836468853885,0.4475526473526475,,,
2024-08-03 15:00:00,30.83575,20.8,18.7,12.558335,0.0,36.026666666666664,27.3185,2.588983333333333,184.35666666666663,917.4958083333332,784.56,0.0,36.191,35.85516666666667,27.79583333333333,26.869333333333334,1.9449102294670293,0.4542123876123877,,,
2024-08-03 16:00:00,31.52087,20.708335,18.66667,12.56667,0.0,36.199666666666666,26.4715,2.969583333333333,180.8058333333333,916.6535583333332,678.1583333333333,0.0,36.35233333333333,36.03866666666667,26.933666666666667,26.07283333333333,,0.4588741258741258,,,
2024-08-03 17:00:00,31.65201,20.691665,18.633335,12.525,0.0,36.28216666666666,25.109666666666666,3.345883333333333,198.04,916.1653633333334,525.9966666666667,0.0,36.438,36.1185,25.60383333333333,24.6935,,0.4625374625374628,,,
2024-08-03 18:00:00,31.34505,20.6,18.61667,12.541665,0.0,35.85183333333334,26.219,3.0212833333333333,191.8283333333333,915.9007433333334,349.575,0.0,35.99666666666667,35.693333333333335,26.634833333333333,25.838666666666665,,0.4662003996003998,,,
2024-08-03 19:00:00,30.677065,20.541665,18.6,12.516664999999998,0.0,34.77466666666667,29.09733333333333,2.944933333333333,180.44333333333333,915.5910433333332,159.18133333333333,0.0,34.92016666666667,34.614333333333335,29.3615,28.83683333333333,,0.4701966033966037,,,
2024-08-03 20:00:00,28.402995,20.516665,18.6,12.541665,0.0,31.313,36.935500000000005,2.04665,179.3766666666667,915.5251833333332,28.530183333333333,0.0,31.47133333333333,31.15483333333333,37.147000000000006,36.73166666666667,,0.470196603396603,,,
2024-08-03 21:00:00,24.39352,20.51667,18.55,12.541665,0.0,26.135166666666667,51.07516666666667,1.972616666666667,192.485,915.7386183333332,0.0,0.0,26.273666666666667,25.98633333333333,51.24466666666667,50.89833333333333,,0.4721944055944054,,,
2024-08-03 22:00:00,22.744975,20.5,18.591665000000003,12.525,0.0,24.321166666666667,58.84483333333333,2.0794,192.9233333333333,916.176855,0.0,0.0,24.4695,24.160500000000003,59.04766666666667,58.6465,,0.4718615384615388,,,
2024-08-03 23:00:00,23.30538,20.525,18.591665000000003,12.508335,0.0,25.107333333333333,55.6435,2.322866666666666,190.91666666666663,916.1949933333332,0.0,0.0,25.250333333333334,24.9505,55.85033333333333,55.429,,0.4715284715284715,,,
2024-08-04 00:00:00,23.61444,20.525,18.6,12.525,0.0,24.80583333333333,53.7105,3.0405333333333333,191.9283333333333,916.1447466666668,0.0,0.0,24.945666666666668,24.6485,53.833,53.585,,0.4705294705294706,7.170284385864699,8.604341263037638,1.2
2024-08-04 01:00:00,22.31935,20.533335,18.608335,12.541665,0.0,23.81083333333333,56.3735,3.4086,199.435,916.39294,0.0,0.0,23.9585,23.651,56.50416666666667,56.23683333333334,,0.4691974025974028,,,
2024-08-04 02:00:00,21.957115,20.51667,18.6,12.51667,0.0,23.512666666666668,60.73966666666667,3.24845,212.59166666666667,916.417255,0.0,0.0,23.656166666666667,23.35633333333333,60.87416666666666,60.59933333333333,,0.4711952047952045,,,
2024-08-04 03:00:00,21.26741,20.516665,18.6,12.533335,0.0,22.389666666666667,69.46416666666667,2.8719,207.43,916.5497333333334,0.0,0.0,22.53,22.246,69.62866666666667,69.31766666666667,,0.4705294705294703,,,
2024-08-04 04:00:00,20.694165,20.5,18.6,12.508335,0.0,22.637166666666666,70.23016666666668,2.104116666666666,235.93,916.34625,0.0,0.0,22.773666666666667,22.5045,70.37883333333333,70.07716666666667,,0.4721944055944054,,,
2024-08-04 05:00:00,18.27573,20.5,18.6,12.566665,0.0,20.95133333333333,77.54416666666665,0.9997166666666666,239.5483333333333,916.4019,0.0,0.0,21.10483333333333,20.795,77.77250000000001,77.32300000000001,,0.4698635364635363,,,
2024-08-04 06:00:00,17.0642,20.5,18.6,12.575,0.0,18.602666666666668,87.44666666666667,1.85935,198.8,916.3474016666668,0.3775833333333333,0.0,18.75283333333333,18.44533333333333,87.71000000000001,87.2,,0.4695304695304694,,,
2024-08-04 07:00:00,18.73145,20.5,18.608335,12.533335,0.0,20.82133333333333,78.85366666666667,2.1999166666666667,209.795,916.26276,50.394533333333335,0.0,20.970166666666668,20.65983333333333,79.10166666666667,78.591,,0.4708623376623378,,,
2024-08-04 08:00:00,22.614745,20.491665,18.6,12.56667,0.0,24.04083333333333,68.42183333333334,1.0601166666666666,281.9404333333333,916.5562533333334,233.7433333333333,0.0,24.18,23.888666666666666,68.88983333333334,67.99166666666666,,0.4701964035964036,,,
2024-08-04 09:00:00,25.340375,20.483335,18.608335,12.516664999999998,0.0,25.631,63.502500000000005,0.8014166666666667,212.5159833333333,916.7959983333332,419.25166666666667,0.0,25.787,25.48116666666667,64.2085,62.88016666666667,,0.4721944055944057,,,
2024-08-04 10:00:00,27.04113,20.416665,18.60833,12.583335,0.0,28.646,52.6745,0.9993833333333334,219.86531666666667,916.6277233333332,580.7566666666667,0.0,28.802333333333333,28.48133333333333,53.3565,51.97716666666667,,0.4721946053946054,,,
2024-08-04 11:00:00,28.65307,20.4,18.6,12.55833,0.0,30.945833333333333,49.928666666666665,1.999833333333333,47.621,916.4798616666668,720.3766666666667,0.0,31.1,30.779333333333334,50.95633333333333,49.0815,,0.4741926073926072,,,
2024-08-04 12:00:00,29.69098,20.3,18.6,12.55833,0.0,34.13733333333334,36.57183333333333,2.3913333333333333,129.56066666666666,915.89866,819.08,0.0,34.320166666666665,33.95183333333333,37.67483333333333,35.50066666666667,1.22874007304566,0.4781886113886114,,,
2024-08-04 13:00:00,30.355865,20.241665,18.5,12.508335,0.0,36.23133333333333,23.454666666666665,3.8734166666666665,182.46166666666667,915.392395,835.81,0.0,36.38699999999999,36.0575,24.01966666666667,22.94033333333333,,0.4865134865134862,,,
2024-08-04 14:00:00,30.984195,20.183335,18.416665,12.55,0.0,37.14266666666666,19.718166666666665,4.444383333333334,179.90166666666667,915.110265,855.39,0.0,37.30833333333333,36.95666666666667,20.15533333333333,19.28083333333333,,0.4905094905094904,,,
2024-08-04 15:00:00,31.274275000000003,20.075,18.408335,12.541670000000002,0.0,37.359,20.450666666666667,4.715483333333333,167.07333333333332,914.6945816666666,719.3866666666667,0.0,37.52666666666666,37.195166666666665,20.8055,20.09783333333333,,0.4955042957042958,,,
2024-08-04 16:00:00,32.12739,19.95833,18.375,12.575,0.0,37.64,17.455333333333332,5.365266666666667,173.735,914.304775,662.19,0.0,37.810833333333335,37.47516666666666,17.829,17.110333333333333,,0.5001666333666334,,,
2024-08-04 17:00:00,31.553610000000003,19.9,18.341665000000003,12.550000000000002,0.0,37.29466666666666,16.964666666666666,4.691933333333334,160.9116666666667,913.8385183333334,449.8233333333334,0.0,37.4445,37.14366666666667,17.200166666666668,16.721333333333334,,0.5048285714285712,,,
2024-08-04 18:00:00,31.212460000000004,19.866665,18.3,12.575,0.0,36.96416666666666,18.89966666666667,4.458966666666667,160.55333333333334,913.5184033333334,359.4066666666667,0.0,37.116166666666665,36.80433333333334,19.11616666666667,18.704666666666665,,0.5068265734265732,,,
2024-08-04 19:00:00,30.88485,19.85,18.3,12.575,0.0,35.243,23.1575,3.4746,157.44833333333332,913.2850816666668,152.9865,0.0,35.39483333333333,35.0835,23.34,22.988166666666665,,0.5074925074925075,,,
2024-08-04 20:00:00,29.74546,19.8,18.3,12.583335,0.0,32.629,27.716166666666663,3.1648666666666667,156.13333333333333,913.6277366666668,34.56801666666667,0.0,32.777833333333334,32.46966666666667,27.849666666666668,27.598000000000003,,0.5091574425574427,,,
2024-08-04 21:00:00,26.90066,19.833335,18.3,12.525,0.0,29.540333333333333,34.36783333333334,3.292933333333333,153.07000000000002,913.768485,0.0,0.0,29.686333333333334,29.376,34.493,34.257666666666665,,0.5101564435564435,,,
2024-08-04 22:00:00,26.314180000000004,19.775,18.3,12.566665,0.0,28.149833333333333,38.767833333333336,4.278899999999999,163.65166666666667,913.7868883333334,0.0,0.0,28.296,28.0005,38.8985,38.64183333333334,,0.5108225774225774,,,
2024-08-04 23:00:00,25.327095,19.8,18.3,12.591665,0.0,27.498833333333334,40.04016666666666,5.225966666666666,172.325,913.8679666666668,0.0,0.0,27.642333333333333,27.346,40.174166666666665,39.92066666666666,,0.5088245754245757,,,
2024-08-05 00:00:00,26.303465,19.76667,18.3,12.6,0.0,27.617,42.66566666666667,5.718366666666666,179.86833333333334,913.947095,0.0,0.0,27.7545,27.46916666666667,42.7845,42.559333333333335,,0.5098233766233765,7.435979070958211,8.923174885149853,1.2
2024-08-05 01:00:00,26.31704,19.8,18.3,12.583335,0.0,27.365333333333336,43.80233333333333,5.3621,182.47666666666663,914.3317,0.0,0.0,27.501666666666665,27.21783333333333,43.92533333333333,43.688,,0.5091574425574427,,,
2024-08-05 02:00:00,25.55305,19.766665,18.3,12.55833,0.0,26.20083333333333,47.25683333333333,4.6096,182.925,914.5342616666666,0.0,0.0,26.35233333333333,26.048,47.37416666666666,47.1415,,0.5114887112887114,,,
2024-08-05 03:00:00,24.15648,19.766665,18.3,12.575,0.0,25.511166666666668,50.221,5.7156666666666665,180.2633333333333,914.35756,0.0,0.0,25.65383333333333,25.360833333333336,50.343,50.1045,,0.5108225774225774,,,
2024-08-05 04:00:00,23.8182,19.8,18.3,12.566665,0.0,24.873833333333334,53.0035,4.9606,179.73166666666663,913.854195,0.0,0.0,25.02533333333333,24.7175,53.136,52.878,,0.5098235764235766,,,
2024-08-05 05:00:00,22.871185,19.783335,18.3,12.591665,0.0,24.035,56.3115,5.801416666666666,180.8683333333333,913.1751933333333,0.0,0.0,24.191,23.87483333333333,56.4635,56.16583333333333,,0.5094905094905092,,,
2024-08-05 06:00:00,22.84584,19.766665,18.3,12.541670000000002,0.0,23.739166666666662,57.0975,5.539316666666666,182.54666666666665,913.032845,0.0,0.0,23.8795,23.58333333333333,57.2315,56.970333333333336,,0.5121544455544453,,,
2024-08-05 07:00:00,23.024215,19.766665,18.3,12.575,0.0,23.838,55.6525,3.959533333333333,195.21833333333333,913.6409316666668,23.041066666666666,0.0,23.989,23.686833333333333,55.78683333333333,55.516666666666666,,0.5108225774225774,,,
2024-08-05 08:00:00,23.387285,19.8,18.31667,12.591665,0.0,24.9285,52.18983333333333,4.0092,203.8,914.0546233333332,169.48483333333334,0.0,25.08233333333333,24.767333333333333,52.4205,51.956,,0.5081584415584414,,,
2024-08-05 09:00:00,24.465845,19.783335,18.3,12.591665,0.0,26.460833333333333,48.7785,2.8263166666666666,224.335,914.4397866666666,306.93833333333333,0.0,26.611666666666668,26.297666666666668,49.10033333333333,48.44616666666666,,0.5094905094905092,,,
2024-08-05 10:00:00,27.03398,19.766665,18.291665,12.575,0.0,30.286,44.67316666666667,2.0934833333333334,298.72166666666664,914.7693616666668,554.7233333333334,0.0,30.453666666666667,30.120166666666663,45.3135,44.071000000000005,,0.5111556443556444,,,
2024-08-05 11:00:00,28.768025000000005,19.716665,18.258335,12.591665,0.0,31.600666666666665,43.84766666666667,2.4596,265.0543,915.326275,709.3183333333333,0.0,31.772166666666667,31.43133333333333,44.60783333333333,43.05433333333333,,0.5138195804195804,,,
2024-08-05 12:00:00,29.7338,19.691665,18.3,12.6,0.0,32.64566666666666,39.38866666666667,3.468933333333333,219.4854,915.8111433333332,661.9016666666666,0.0,32.80166666666666,32.48766666666667,40.3295,38.42016666666667,1.7483371077838026,0.5128205794205796,,,
2024-08-05 13:00:00,30.428255,19.583335,18.208335,12.608335,0.0,34.04766666666667,37.88616666666667,3.5768833333333334,220.93481666666668,915.9806983333332,842.45,0.0,34.21066666666666,33.867333333333335,39.018,36.70116666666667,1.6752892378330453,0.5204793206793207,,,
2024-08-05 14:00:00,31.08037,19.6,18.2,12.6,0.0,35.01533333333334,34.61033333333333,3.5722,186.96466666666663,916.0623866666666,827.6833333333333,0.0,35.17466666666667,34.8565,35.82666666666667,33.5005,1.9568504042604065,0.5204795204795204,,,
2024-08-05 15:00:00,31.844135,19.483335,18.175,12.616665,0.0,35.01266666666666,32.58116666666667,3.653716666666667,221.98671666666667,916.1472866666668,746.4599999999999,0.0,35.174499999999995,34.840333333333334,33.532333333333334,31.6465,1.7461459635805283,0.5254745254745254,,,
2024-08-05 16:00:00,31.42518,19.425,18.125,12.608335,0.0,34.643,32.3555,3.7736,108.61826666666668,916.324275,663.0083333333333,0.0,34.799166666666665,34.48266666666667,33.148833333333336,31.476333333333333,,0.5301364635364636,,,
2024-08-05 17:00:00,31.37328,19.375,18.1,12.625,0.0,34.09166666666667,31.1725,3.7045666666666666,78.3607,916.5068233333332,508.145,0.0,34.24733333333334,33.93366666666667,31.90666666666667,30.479666666666667,,0.5324675324675324,,,
2024-08-05 18:00:00,30.684045,19.4,18.108335,12.608335,0.0,33.178333333333335,32.81316666666667,3.8710333333333335,33.927,916.8690283333332,345.0466666666667,0.0,33.333,33.01866666666667,33.35516666666667,32.253,,0.5318013986013987,,,
2024-08-05 19:00:00,29.26045,19.383335,18.066665,12.616665,0.0,31.449666666666666,37.82666666666667,3.0042,32.333333333333336,917.2822666666668,155.01083333333332,0.0,31.60333333333333,31.294666666666668,38.21416666666666,37.42083333333333,,0.5337996003996006,,,
2024-08-05 20:00:00,27.235475,19.358335,18.1,12.633335,0.0,28.95266666666667,44.027166666666666,2.6768333333333336,32.811,917.9451483333332,29.69425,0.0,29.09233333333333,28.80183333333333,44.25966666666667,43.787,,0.5328003996003994,,,
2024-08-05 21:00:00,24.670415,19.383335,18.091665000000003,12.64167,0.0,25.88883333333333,57.57449999999999,2.538083333333333,40.084,918.9704966666668,0.0,0.0,26.036,25.736666666666668,57.75033333333333,57.4075,,0.5318013986013987,,,
2024-08-05 22:00:00,22.828055,19.341665000000003,18.1,12.6,0.0,23.58083333333333,65.68783333333333,3.4584,41.378,920.160525,0.0,0.0,23.73183333333333,23.43116666666667,65.84133333333334,65.53316666666666,,0.5347986013986015,,,
2024-08-05 23:00:00,20.49405,19.35,18.1,12.633335,0.0,21.046666666666667,75.74066666666666,3.4277333333333333,39.95933333333333,920.7897966666666,0.0,0.0,21.190166666666663,20.893666666666665,75.9015,75.5775,,0.5331334665334663,,,
2024-08-06 00:00:00,18.433615,19.375,18.1,12.65833,0.0,19.030666666666665,84.065,2.877366666666666,40.78266666666666,921.1103133333332,0.0,0.0,19.172166666666666,18.877666666666663,84.23166666666665,83.9,,0.5311356643356645,2.7175442629533153,3.2610531155439784,1.2
2024-08-06 01:00:00,17.204245,19.358335,18.1,12.658335,0.0,18.076166666666666,87.47833333333332,3.059966666666667,37.88533333333333,921.224425,0.0,0.0,18.215,17.921166666666668,87.62666666666668,87.32,,0.5318013986013987,,,
2024-08-06 02:00:00,16.262674999999998,19.383335,18.1,12.61667,0.0,17.426499999999997,89.80833333333334,2.69385,37.368833333333335,921.3823716666668,0.0,0.0,17.574333333333335,17.2745,89.95666666666666,89.63333333333334,,0.5324673326673327,,,
2024-08-06 03:00:00,17.446715,19.325,18.083335,12.641664999999998,0.0,17.971166666666665,86.135,2.78865,43.78066666666667,921.66912,0.0,0.0,18.102666666666668,17.823500000000003,86.30166666666668,85.96333333333334,,0.5344655344655341,,,
2024-08-06 04:00:00,18.11001,19.3,18.1,12.65,0.0,17.91433333333333,85.57333333333332,3.0475833333333333,47.50483333333333,921.4550933333334,0.0,0.0,18.0455,17.764333333333337,85.72666666666667,85.41833333333334,,0.5344655344655348,,,
2024-08-06 05:00:00,17.44915,19.316665,18.091665000000003,12.65,0.0,17.229833333333332,89.13666666666667,2.4873333333333334,31.462,922.2652683333332,0.0,0.0,17.38133333333333,17.078500000000002,89.30666666666666,88.97,,0.5341326673326675,,,
2024-08-06 06:00:00,16.934124999999998,19.3,18.1,12.61667,0.0,16.6555,93.025,1.61155,56.010016666666665,922.533045,0.0063666666666666,0.0,16.794666666666668,16.499833333333335,93.20666666666666,92.82833333333332,,0.5357974025974027,,,
2024-08-06 07:00:00,16.318235,19.3,18.1,12.625,0.0,16.041,97.515,2.4374666666666664,49.45333333333333,922.65322,16.803633333333334,0.0,16.1685,15.898833333333334,97.65666666666668,97.33833333333334,,0.5354645354645358,,,
2024-08-06 08:00:00,16.46187,19.3,18.1,12.63333,0.0,16.442333333333334,92.685,2.1493333333333333,58.81816666666667,922.64594,59.5865,0.0,16.577833333333334,16.281333333333333,92.88833333333334,92.46333333333334,,0.5351316683316685,,,
2024-08-06 09:00:00,18.388965,19.316665,18.1,12.666665,0.0,18.197166666666664,81.66566666666667,1.3480166666666666,72.68083333333334,922.8184266666668,194.02766666666668,0.0,18.33966666666667,18.040333333333333,82.12683333333332,81.18333333333334,,0.5331336663336663,,,
2024-08-06 10:00:00,21.27694,19.25,18.091665000000003,12.65,0.0,20.11283333333333,73.22083333333333,2.0702666666666665,57.554,922.6947216666666,421.3016666666666,0.0,20.275666666666663,19.950666666666667,73.922,72.596,,0.5367966033966033,,,
2024-08-06 11:00:00,20.794455,19.275,18.1,12.608335,0.0,20.323666666666668,73.80883333333333,1.5519833333333333,63.868,922.7144116666666,181.265,0.0,20.46733333333333,20.177833333333336,74.243,73.41699999999999,,0.5371294705294702,,,
2024-08-06 12:00:00,19.627775,19.225,18.1,12.666670000000002,0.0,19.698500000000003,80.32916666666667,1.5069833333333331,67.5025,922.2807883333334,156.89816666666667,0.0,19.842166666666667,19.545,80.894,79.79866666666666,,0.5367964035964036,,,
2024-08-06 13:00:00,20.319475,19.216665,18.1,12.666665,0.0,20.67,74.75283333333333,1.4071166666666668,78.02183333333333,922.1328633333334,266.39500000000004,0.0,20.8145,20.532833333333333,75.35233333333333,74.25616666666666,,0.5371296703296702,,,
2024-08-06 14:00:00,21.22413,19.208335,18.091665000000003,12.64167,0.0,21.041,72.73049999999999,1.71265,142.65983333333332,921.5648016666668,232.25666666666663,0.0,21.196,20.88983333333333,73.0765,72.373,,0.5387944055944056,,,
2024-08-06 15:00:00,20.463565,19.233335,18.1,12.658335,0.0,21.322666666666667,71.86583333333333,1.7959,132.27266666666665,921.2243933333334,422.09,0.0,21.478,21.162333333333333,72.363,71.41316666666667,,0.5367964035964036,,,
2024-08-06 16:00:00,24.17021,19.28333,18.108335,12.65,0.0,23.09733333333333,65.55866666666667,1.8936,149.44133333333332,920.4385466666666,595.7199999999999,0.0,23.267,22.917,66.0975,65.02933333333334,,0.5347986013986015,,,
2024-08-06 17:00:00,25.36885,19.333335,18.2,12.675,0.0,24.0585,62.37016666666667,1.7993333333333332,139.39350000000002,919.68863,502.72333333333336,0.0,24.21633333333333,23.894166666666667,62.80333333333333,61.93116666666666,,0.5281384615384616,,,
2024-08-06 18:00:00,24.47062,19.283335,18.1,12.658335,0.0,24.729666666666667,60.21783333333334,1.9577166666666663,134.77666666666667,919.0057816666666,332.7933333333333,0.0,24.883333333333333,24.57766666666667,60.56816666666667,59.91366666666667,,0.5347984015984014,,,
2024-08-06 19:00:00,23.161305,19.25,18.1,12.641665,0.0,24.14033333333333,63.5805,2.1466166666666666,142.06166666666667,918.5534066666668,146.858,0.0,24.278166666666667,23.990166666666667,63.80166666666666,63.35366666666666,,0.5367966033966033,,,
2024-08-06 20:00:00,20.781975,19.275,18.1,12.6,0.0,21.999166666666667,72.25399999999999,1.901,153.05833333333334,918.5027766666666,15.271683333333334,0.0,22.14183333333333,21.855666666666664,72.41499999999999,72.09616666666668,,0.5374625374625375,,,
2024-08-06 21:00:00,18.134825000000003,19.275,18.1,12.641664999999998,0.0,19.7975,82.21433333333333,0.8800166666666667,127.0697,918.830555,0.0,0.0,19.942666666666664,19.6435,82.40766666666667,82.01416666666667,,0.5357976023976023,,,
2024-08-06 22:00:00,16.69806,19.28333,18.091665000000003,12.63333,0.0,18.6485,86.685,1.1726,135.438,918.5774683333332,0.0,0.0,18.78183333333333,18.49,86.83500000000001,86.52,,0.5361308691308694,,,
2024-08-06 23:00:00,16.35448,19.275,18.1,12.641664999999998,0.0,17.395500000000002,91.10666666666664,0.5236333333333333,79.61449999999999,918.6150366666666,0.0,0.0,17.536333333333335,17.23483333333333,91.29666666666668,90.90833333333332,,0.5357976023976023,,,
2024-08-07 00:00:00,15.5583,19.291665,18.1,12.625,0.0,16.145833333333332,96.00833333333334,0.1138,40.56933333333333,918.4352,0.0,0.0,16.287,15.9875,96.16833333333334,95.83,,0.5357976023976023,4.106596370056833,4.927915644068199,1.2
2024-08-07 01:00:00,15.29679,19.25,18.1,12.616665,0.0,16.184333333333335,96.01,0.2266333333333333,46.11633333333334,918.17689,0.0,0.0,16.336833333333335,16.034666666666666,96.15166666666669,95.82666666666668,,0.5377956043956041,,,
2024-08-07 02:00:00,15.24995,19.291665,18.091665000000003,12.691665,0.0,16.249333333333333,96.76666666666668,0.5901,89.511,917.9637666666666,0.0,0.0,16.394333333333332,16.091333333333335,96.92833333333331,96.60833333333332,,0.5334667332667333,,,
2024-08-07 03:00:00,15.218115,19.3,18.1,12.658335,0.0,15.935166666666667,97.76666666666668,0.48775,74.30733333333333,917.32284,0.0,0.0,16.085833333333333,15.779333333333334,97.935,97.60833333333332,,0.5341324675324676,,,
2024-08-07 04:00:00,15.647754999999998,19.3,18.05,12.6,0.0,16.590166666666665,96.39,1.4420333333333335,138.3055,916.9073833333332,0.0,0.0,16.735166666666668,16.433,96.54833333333332,96.23833333333332,,0.5384615384615384,,,
2024-08-07 05:00:00,15.782154999999998,19.3,18.091665000000003,12.683335,0.0,16.416333333333334,95.85333333333332,1.0901666666666665,112.40023333333332,917.3655033333332,0.0,0.0,16.565,16.268833333333333,95.98833333333332,95.69166666666666,,0.5334665334665333,,,
2024-08-07 06:00:00,15.932355,19.283335,18.1,12.666665,0.0,16.567333333333334,95.095,1.51195,138.49266666666665,917.2789933333332,0.0,0.0,16.709333333333333,16.407500000000002,95.23333333333332,94.95,,0.5344655344655341,,,
2024-08-07 07:00:00,16.360200000000003,19.3,18.1,12.616665,0.0,16.815,94.65666666666668,1.549216666666667,110.49211666666666,918.0510633333332,5.8024,0.0,16.9525,16.6665,94.80666666666666,94.515,,0.5357976023976027,,,
2024-08-07 08:00:00,16.611900000000002,19.291665,18.091665000000003,12.641665,0.0,17.0165,93.995,1.8312833333333327,67.73866666666667,918.5894066666666,42.49405,0.0,17.161333333333335,16.866666666666667,94.165,93.82,,0.535464735264735,,,
2024-08-07 09:00:00,17.39384,19.283335,18.1,12.666665,0.0,17.689166666666665,90.825,1.71745,71.99333333333334,918.4672216666668,101.23433333333332,0.0,17.834833333333332,17.53966666666667,91.03666666666666,90.61166666666666,,0.5344655344655341,,,
2024-08-07 10:00:00,19.89362,19.241670000000003,18.091665000000003,12.658335,0.0,20.048,80.58416666666668,2.553516666666667,126.30083333333332,917.4608883333332,451.3666666666667,0.0,20.19833333333333,19.89016666666667,81.02199999999999,80.17383333333333,,0.5367964035964036,,,
2024-08-07 11:00:00,23.8721,19.25,18.1,12.616665,0.0,23.3455,68.25033333333333,3.9668666666666654,167.11,916.4029733333332,707.6383333333334,0.0,23.52083333333333,23.168,68.825,67.7095,,0.5377956043956041,,,
2024-08-07 12:00:00,25.675564999999995,19.291665,18.075,12.666670000000002,0.0,25.5065,61.591166666666666,3.78585,184.05166666666668,916.0399033333334,778.3666666666667,0.0,25.683666666666667,25.3225,62.2125,61.02666666666666,,0.5351314685314684,,,
2024-08-07 13:00:00,27.06594,19.28333,18.083335,12.641665,0.0,27.28933333333333,56.017833333333336,2.235316666666667,195.6233333333333,915.8128366666666,814.9333333333333,0.0,27.46216666666667,27.112666666666662,56.55050000000001,55.54866666666667,,0.5361306693306693,,,
2024-08-07 14:00:00,28.253725,19.258335,18.058335000000003,12.658335,0.0,29.024833333333333,50.88216666666666,2.0922,191.865,914.9584616666668,813.5266666666666,0.0,29.19833333333333,28.834,51.46183333333333,50.392833333333336,,0.5374623376623378,,,
2024-08-07 15:00:00,29.115875000000003,19.2,18.041665,12.658335,0.0,30.6745,47.42083333333333,1.5556333333333334,191.40105,914.29104,752.3383333333334,0.0,30.831833333333336,30.4955,48.06316666666667,46.88616666666667,,0.5404595404595405,,,
2024-08-07 16:00:00,29.346675,19.18333,18.075,12.666665,0.0,30.735,49.87616666666667,2.1498833333333334,48.37566666666667,913.837035,623.83,0.0,30.884166666666665,30.561833333333333,50.7715,49.09166666666667,,0.5394607392607393,,,
2024-08-07 17:00:00,29.47499,19.191665,18.008335,12.666665,0.0,30.984666666666666,48.5825,2.0772,54.59,913.5971583333334,492.405,0.0,31.134833333333333,30.82883333333333,49.30883333333334,47.987,0.1810547402026514,0.5417916083916083,,,
2024-08-07 18:00:00,27.739575,19.208335,18.033335,12.64167,0.0,29.992166666666662,50.23016666666667,1.4026166666666666,92.50483333333334,913.6043033333332,196.8633333333333,0.0,30.139,29.841166666666663,50.6435,49.84316666666667,,0.5411252747252747,,,
2024-08-07 19:00:00,26.559215,19.216665000000003,18.025,12.61667,0.0,29.1295,51.724,1.44875,120.63333333333334,913.8437183333332,130.0545,0.0,29.275,28.968666666666664,51.931333333333335,51.53116666666666,,0.5421244755244756,,,
2024-08-07 20:00:00,26.23908,19.233335,18.041665,12.666665,0.0,27.565166666666663,55.936166666666665,2.2246666666666663,156.79666666666665,913.9181583333334,7.3262,0.0,27.7095,27.4075,56.07333333333334,55.811,,0.5387946053946053,,,
2024-08-07 21:00:00,23.45079,19.358335,18.008335,12.6,0.0,22.104,84.7255,3.4043666666666668,117.80183333333332,916.0804233333332,0.0,0.1354666666666666,22.276166666666665,21.9235,85.14633333333333,84.30433333333333,,0.5377954045954044,,,
2024-08-07 22:00:00,19.79185,20.58333,18.091665000000003,12.6,0.0,20.083166666666667,95.195,1.8318833333333333,90.927,917.36104,0.0,0.0084666666666666,20.223166666666668,19.933333333333334,95.38333333333334,95.00333333333332,,0.4855146853146853,,,
2024-08-07 23:00:00,19.314225,20.8,18.1,12.61667,0.0,19.9295,94.97833333333332,1.3866833333333333,139.94676666666666,917.497695,0.0,0.0042333333333333,20.071,19.77766666666667,95.155,94.81,,0.4758573426573427,,,
2024-08-08 00:00:00,19.41673,20.858335,18.1,12.64167,0.0,19.998166666666663,96.59833333333331,0.9337666666666666,177.48656666666665,917.1896783333334,0.0,0.0,20.144333333333336,19.848000000000003,96.75,96.42666666666668,,0.472527272727273,2.7871776043942464,3.3446131252730957,1.2
2024-08-08 01:00:00,19.49209,20.95833,18.083335,12.65,0.0,20.543333333333333,94.04,0.7563,71.84001666666667,918.2458133333332,0.0,0.0,20.680333333333333,20.39583333333333,94.19333333333334,93.88833333333334,,0.4688645354645355,,,
2024-08-08 02:00:00,19.891205,21.025,18.058335,12.616665,0.0,20.20716666666667,91.39833333333333,2.4434166666666663,56.087,919.0103483333334,0.0,0.0,20.346833333333333,20.059666666666665,91.61333333333332,91.19666666666669,,0.4685314685314688,,,
2024-08-08 03:00:00,19.30869,21.091665000000003,18.058335,12.641665,0.0,19.479166666666668,87.25666666666666,2.8914833333333334,47.675,919.485875,0.0,0.0,19.617,19.327,87.51666666666667,86.975,,0.4648685314685312,,,
2024-08-08 04:00:00,18.611515,21.108335,18.058335,12.6,0.0,18.554166666666667,88.03166666666667,3.2987333333333333,27.87743333333333,920.06595,0.0,0.0042333333333333,18.69066666666667,18.395,88.24833333333332,87.815,,0.4658673326673324,,,
2024-08-08 05:00:00,17.142615,21.191665,18.05,12.6,0.0,17.326666666666664,88.88000000000001,3.0607333333333333,34.958099999999995,920.50794,0.0,0.0,17.45716666666667,17.170666666666666,89.10166666666667,88.65166666666667,,0.4628705294705295,,,
2024-08-08 06:00:00,16.15389,21.233335,18.025,12.633335,0.0,16.285,91.44,2.858366666666667,28.169,921.3596833333334,0.0,0.0296333333333333,16.418833333333332,16.136166666666664,91.63,91.235,,0.4608723276723276,,,
2024-08-08 07:00:00,15.04727,21.475,18.075,12.608335,0.0,15.21,94.7,2.008433333333333,28.86725,922.3168966666668,0.5365166666666668,0.0211666666666666,15.341,15.0665,94.86,94.52333333333333,,0.4502163836163835,,,
2024-08-08 08:00:00,14.98781,22.3,18.1,12.666665,0.0,15.244666666666667,93.48333333333332,2.8557833333333336,23.454283333333333,922.8203233333334,31.055166666666665,0.0,15.384666666666668,15.095166666666668,93.66166666666666,93.28833333333334,,0.4139194805194806,,,
2024-08-08 09:00:00,15.096740000000002,22.716664999999995,18.066665,12.6,0.0,15.237333333333334,92.31833333333334,3.2768333333333337,24.784316666666665,923.4369416666668,92.21383333333333,0.0042333333333333,15.384,15.085833333333332,92.58333333333331,92.03333333333332,,0.4012655344655347,,,
2024-08-08 10:00:00,15.407135000000002,22.88333,18.083335,12.625,0.0,15.3605,86.71166666666666,3.30505,25.588833333333334,923.4892266666668,171.23,0.0,15.498666666666669,15.202333333333334,87.23,86.16499999999999,,0.3929404595404596,,,
2024-08-08 11:00:00,16.727835,23.05,18.041665,12.633335,0.0,16.037,79.6365,2.9289,30.193583333333333,923.6751733333332,201.915,0.0,16.180500000000002,15.883666666666668,80.38283333333334,78.85366666666667,,0.3876123876123875,,,
2024-08-08 12:00:00,16.359605,23.108335,18.058335,12.61667,0.0,16.540333333333333,76.17933333333333,2.8484833333333333,27.68843333333333,924.03209,188.1533333333333,0.0,16.6885,16.386833333333335,76.77133333333333,75.53583333333333,,0.3852811188811187,,,
2024-08-08 13:00:00,18.2444,23.23333,18.04167,12.6,0.0,17.535166666666665,76.09983333333334,2.90405,27.54575,923.70987,416.4933333333333,0.0,17.683833333333332,17.36733333333333,77.2215,75.07766666666666,,0.3816183816183818,,,
2024-08-08 14:00:00,19.183055,23.3,18.08333,12.608335,0.0,19.473666666666663,64.4865,3.203616666666667,87.72816666666667,923.5872533333334,598.2813559322034,0.0,19.633166666666668,19.313333333333333,65.78283333333333,63.178666666666665,,0.3769564435564437,,,
2024-08-08 15:00:00,21.335220000000003,23.3,18.041665,12.608335,0.0,20.713666666666665,56.82216666666667,2.9296833333333336,58.87835,923.3621166666668,665.1733333333334,0.0,20.8715,20.564166666666665,58.15416666666667,55.57983333333333,,0.3786213786213788,,,
2024-08-08 16:00:00,21.966995,23.31667,18.041665,12.6,0.0,21.767666666666667,53.2295,2.786983333333333,58.834516666666666,922.6805116666668,612.6183333333333,0.0,21.933,21.59883333333333,54.62133333333334,51.92433333333334,,0.3782883116883115,,,
2024-08-08 17:00:00,21.67439,23.3,18.06667,12.64167,0.0,22.0075,51.311166666666665,1.5487666666666666,67.98651666666666,922.3180333333332,490.40833333333336,0.0,22.154,21.839166666666664,52.36066666666667,50.30083333333334,,0.3762901098901101,,,
2024-08-08 18:00:00,21.25881,23.308335,18.01667,12.6,0.0,21.895,51.70183333333333,0.44605,99.67343333333334,922.0231033333332,219.31833333333333,0.0,22.046166666666668,21.7385,52.55916666666667,50.9345,,0.3796201798201797,,,
2024-08-08 19:00:00,18.714405000000003,23.35,18.041665,12.608335,0.0,20.9065,53.39333333333333,1.55825,53.54821666666667,921.6838416666668,107.84183333333334,0.0,21.057,20.76333333333333,54.406666666666666,52.41783333333333,,0.3766233766233764,,,
2024-08-08 20:00:00,16.666275,23.391665,18.058335000000003,12.616665,0.0,18.961,65.3125,0.0613166666666666,16.771,922.0248583333332,12.722516666666667,0.0,19.10333333333333,18.80783333333333,66.27633333333333,64.44266666666667,,0.3739594405594403,,,
2024-08-08 21:00:00,15.17389,23.40833,18.025,12.6,0.0,17.371666666666666,81.58183333333334,0.2093166666666666,49.92333333333333,922.623685,0.0,0.0,17.5105,17.209333333333333,82.14083333333333,80.99783333333333,,0.3752915084915085,,,
2024-08-08 22:00:00,15.364685,23.450000000000003,18.05833,12.625,0.0,17.282833333333333,82.0245,0.12035,26.915333333333333,923.1749233333334,0.0,0.0,17.429333333333332,17.122166666666665,82.653,81.292,,0.3712955044955043,,,
2024-08-08 23:00:00,15.879075,23.5,18.066665,12.608335,0.0,17.077833333333334,85.76016666666666,0.30355,65.45535,923.2878983333334,0.0,0.0,17.217166666666667,16.913166666666665,86.131,85.40133333333333,,0.3696303696303695,,,
2024-08-09 00:00:00,15.499505,23.5,18.008335,12.608335,0.0,16.305833333333332,88.03,0.5360333333333334,78.95595,923.59004,0.0,0.0042333333333333,16.447333333333333,16.1495,88.405,87.685,,0.3719612387612389,1.5544222252557591,1.8653066703069108,1.2
2024-08-09 01:00:00,15.159065,23.55,18.04167,12.6,0.0,15.889666666666669,90.61166666666666,0.2789833333333333,55.974,923.8029683333332,0.0,0.0,16.0245,15.7305,90.86833333333334,90.35833333333332,,0.3689642357642356,,,
2024-08-09 02:00:00,14.53745,23.591665000000003,18.05833,12.616665,0.0,15.478333333333332,77.92416666666666,0.4764666666666667,58.3075,924.32054,0.0,0.0,15.622000000000002,15.330666666666668,78.56666666666666,77.28916666666667,,0.3659676323676323,,,
2024-08-09 03:00:00,,,,,,14.923666666666666,74.93916666666668,0.3578833333333333,67.37783333333333,924.305525,0.0,0.0,15.068166666666666,14.7635,75.46900000000001,74.41733333333333,,,,,
2024-08-09 04:00:00,,,,,,14.410333333333334,75.03850000000001,0.5164333333333333,66.04466666666666,924.1898733333333,0.0,0.0,14.544333333333332,14.262166666666667,75.49583333333334,74.57333333333332,,,,,
2024-08-09 05:00:00,,,,,,13.816666666666666,76.02666666666667,0.7989499999999999,70.45533333333333,924.079495,0.0,0.0,13.954333333333333,13.678833333333332,76.43116666666667,75.65216666666667,,,,,
2024-08-09 06:00:00,,,,,,13.659833333333331,75.84400000000001,0.3332833333333333,109.0055,924.4410183333332,0.0,0.0,13.790666666666668,13.524166666666668,76.30516666666668,75.37883333333333,,,,,
2024-08-09 07:00:00,,,,,,13.2975,83.35183333333333,0.40595,100.5205,924.6010383333332,7.998616666666666,0.0,13.428166666666666,13.150666666666666,83.88166666666666,82.82300000000001,,,,,
2024-08-09 08:00:00,,,,,,13.4715,83.78500000000001,0.7293333333333333,113.6955,925.0455533333334,43.71945,0.0,13.607333333333337,13.332833333333332,84.28,83.25166666666668,,,,,
2024-08-09 09:00:00,,,,,,13.9495,85.845,0.7160333333333334,103.49183333333332,925.4158083333332,92.118,0.0,14.0895,13.795666666666667,86.41499999999999,85.27,,,,,
2024-08-09 10:00:00,,,,,,14.468833333333333,80.48066666666666,0.9941333333333332,131.90166666666667,925.29981,100.45933333333332,0.0,14.6095,14.315499999999998,81.1045,79.87916666666666,,,,,
2024-08-09 11:00:00,14.78956,23.7,18.1,12.6,0.0,14.683666666666666,80.6365,1.510916666666667,159.524,925.5912516666668,111.33833333333334,0.0,14.8235,14.534166666666666,81.1585,80.05516666666668,,0.3606393606393605,,,
2024-08-09 12:00:00,15.311225,23.7,18.1,12.591665,0.0,14.880833333333332,80.17883333333333,1.86905,156.585,925.7005616666668,177.125,0.0,15.029333333333334,14.717833333333337,80.8065,79.58066666666667,,0.3609724275724271,,,
2024-08-09 13:00:00,17.00204,23.7,18.033335,12.591665,0.0,16.2835,76.92633333333333,2.231183333333333,173.94666666666666,925.3472866666668,349.605,0.0,16.430500000000002,16.117833333333333,77.87349999999999,76.09966666666666,,0.3636363636363635,,,
2024-08-09 14:00:00,17.733665000000002,23.7,18.008335000000002,12.575,0.0,17.270333333333333,67.1945,2.4457166666666668,187.87833333333336,925.034155,287.43666666666667,0.0,17.4135,17.110500000000002,68.06816666666667,66.31966666666666,,0.3653012987012986,,,
2024-08-09 15:00:00,17.631435000000003,23.7,18.0,12.6,0.0,17.59766666666667,61.88066666666667,2.2662,207.86666666666667,924.8838933333334,222.705,0.0,17.752166666666668,17.445333333333334,62.59633333333333,61.17716666666667,,0.364635364635365,,,
2024-08-09 16:00:00,16.760415000000002,23.716665,18.016665,12.608335,0.0,17.011333333333333,64.91233333333334,2.300383333333333,214.8883333333333,924.6656716666668,128.21833333333333,0.0,17.158,16.849,65.43583333333333,64.3985,0.5715835346904223,0.3629704295704299,,,
2024-08-09 17:00:00,16.357455,23.8,18.075000000000003,12.6,0.0,16.950333333333333,65.95033333333333,1.6588666666666667,197.09166666666667,924.2429916666666,130.73,0.0,17.0995,16.789666666666665,66.53433333333334,65.39216666666667,1.5512246564968262,0.3576423576423575,,,
2024-08-09 18:00:00,16.661479999999997,23.78333,18.016665,12.6,0.0,17.131333333333334,66.2575,1.7467666666666666,207.66,923.75486,116.68466666666669,0.0,17.2805,16.9735,66.75683333333333,65.7755,,0.3606395604395605,,,
2024-08-09 19:00:00,16.22953,23.791665,18.0,12.6,0.0,16.537166666666668,74.50516666666667,2.2175,212.94166666666663,923.7124866666668,45.33316666666667,0.0,16.684166666666666,16.380333333333333,74.80283333333334,74.1985,,0.3609724275724275,,,
2024-08-09 20:00:00,15.189285,23.78333,18.0,12.566665,0.0,15.738,80.49333333333334,1.6506666666666667,204.045,923.463425,3.76915,0.0,15.875166666666669,15.572833333333334,80.70916666666668,80.284,,0.3626375624375627,,,
2024-08-09 21:00:00,14.36955,23.8,17.983335,12.583335,0.0,15.338333333333331,81.03299999999999,1.242916666666667,183.82666666666668,923.48513,0.0,0.0,15.481666666666666,15.183166666666668,81.28066666666668,80.78,,0.361971228771229,,,
2024-08-09 22:00:00,14.274305,23.833335,18.0,12.6,0.0,15.194333333333333,82.58166666666666,1.3416,197.92666666666668,923.8949616666666,0.0,0.0,15.3425,15.036333333333332,82.80333333333333,82.36999999999999,,0.3593072927072926,,,
2024-08-09 23:00:00,14.451855,23.86667,18.0,12.591665,0.0,14.993,84.35666666666665,1.4585666666666666,213.77,923.88849,0.0,0.0,15.136333333333337,14.8315,84.54833333333333,84.16833333333334,,0.3583082917082921,,,
2024-08-10 00:00:00,14.24785,23.891665,18.0,12.591665,0.0,14.716666666666669,87.47166666666666,0.96045,209.8,923.7027966666668,0.0,0.0,14.856333333333334,14.550166666666666,87.655,87.27,,0.3573094905094902,2.2061023220839964,2.6473227865007956,1.2
2024-08-10 01:00:00,14.01988,23.875,17.991664999999998,12.591665,0.0,14.5515,86.95666666666666,0.8916833333333333,213.6616666666667,923.8913483333332,0.0,0.0,14.689833333333333,14.406666666666666,87.15166666666667,86.73833333333333,,0.3583084915084915,,,
2024-08-10 02:00:00,13.860335,23.90833,18.0,12.575,0.0,14.395166666666666,88.03,1.0465166666666663,186.3,923.4035083333332,0.0,0.0,14.512333333333334,14.2415,88.24333333333334,87.815,,0.3573094905094905,,,
2024-08-10 03:00:00,13.980975,23.90833,17.96667,12.56667,0.0,14.275166666666667,86.11833333333334,2.0673,198.13333333333333,923.421855,0.0,0.0,14.425166666666666,14.121333333333332,86.28833333333334,85.92333333333333,,0.358974225774226,,,
2024-08-10 04:00:00,13.797585,23.90833,18.0,12.55833,0.0,14.263833333333334,84.72,2.24985,181.825,923.0413416666668,0.0,0.0,14.407166666666669,14.102666666666666,84.91666666666667,84.51,,0.3579756243756245,,,
2024-08-10 05:00:00,13.88245,23.916665,18.0,12.55,0.0,14.215666666666667,84.06,2.3333833333333334,170.96666666666667,922.6696983333334,0.0,0.0,14.352166666666667,14.060666666666666,84.25,83.86,,0.3579754245754248,,,
2024-08-10 06:00:00,13.796125,23.9,17.991664999999998,12.53333,0.0,14.1815,84.35166666666667,2.54985,177.89166666666668,922.803835,0.0,0.0,14.325666666666669,14.027333333333331,84.52833333333334,84.17166666666667,,0.3596405594405596,,,
2024-08-10 07:00:00,13.98873,23.95,17.95833,12.525,0.0,14.329166666666667,84.62166666666667,2.45795,181.235,923.1605666666668,7.55075,0.0,14.4765,14.170166666666669,84.81666666666666,84.42833333333333,,0.3593074925074923,,,
2024-08-10 08:00:00,14.359425,23.96667,17.991664999999998,12.575,0.0,14.622333333333334,83.98333333333333,2.2188,173.12166666666664,923.3524616666668,44.893166666666666,0.0,14.7605,14.462333333333332,84.22166666666666,83.73166666666665,,0.3553112887112884,,,
2024-08-10 09:00:00,14.87305,23.991665,17.991664999999998,12.558335,0.0,14.903166666666666,83.33166666666666,3.2704166666666667,172.215,923.414,86.086,0.0,15.040833333333332,14.7455,83.61333333333333,83.08166666666666,,0.3549784215784218,,,
2024-08-10 10:00:00,15.44379,23.98333,18.0,12.55,0.0,15.537,77.43183333333333,4.04265,179.15333333333334,923.2856816666666,211.64,0.0,15.675,15.378833333333334,77.83850000000001,77.0115,,0.3553114885114884,,,
2024-08-10 11:00:00,17.527815,23.983335,17.93333,12.525,0.0,16.670166666666667,71.20533333333333,4.548366666666666,179.76166666666668,923.1044,342.9116666666667,0.0,16.817166666666665,16.512666666666668,71.66033333333333,70.73783333333334,,0.3589744255744254,,,
2024-08-10 12:00:00,17.03521,23.98333,17.975,12.591665,0.0,16.558333333333334,73.848,4.007183333333334,181.015,922.88833,261.045,0.0,16.710333333333335,16.390166666666666,74.361,73.38866666666667,,0.3546455544455545,,,
2024-08-10 13:00:00,17.953815,23.958335,18.0,12.591665,0.0,17.313333333333333,72.18816666666666,3.803216666666666,180.97333333333333,922.3118016666666,328.96500000000003,0.0,17.4705,17.14816666666667,72.69933333333333,71.66233333333334,,0.3546453546453542,,,
2024-08-10 14:00:00,18.130825,23.966665,17.991664999999998,12.566665,0.0,17.87933333333333,71.65083333333334,2.75495,193.5833333333333,921.83098,326.43,0.0,18.029666666666667,17.721,72.32683333333333,71.00316666666667,,0.3556445554445554,,,
2024-08-10 15:00:00,19.316215,23.9,18.0,12.525,0.0,19.102833333333333,67.78533333333333,2.28265,168.11833333333334,921.189575,316.95166666666665,0.0,19.254,18.935,68.44699999999999,67.1645,,0.3596403596403596,,,
2024-08-10 16:00:00,19.881485,23.9,17.95,12.525,0.0,19.6165,65.499,2.326,171.45166666666668,920.710485,262.45166666666665,0.0,19.76483333333333,19.454666666666665,66.15050000000001,64.83816666666667,,0.3616383616383617,,,
2024-08-10 17:00:00,19.708935,23.9,17.958334999999998,12.533335,0.0,19.677666666666667,64.715,1.9779166666666663,159.90666666666667,920.2118033333334,200.715,0.0,19.823500000000003,19.512833333333333,65.3425,64.15566666666668,,0.3609722277722281,,,
2024-08-10 18:00:00,19.301015,23.9,17.958334999999998,12.566665,0.0,19.42866666666667,65.4245,1.94525,160.68166666666667,919.7764883333332,105.8775,0.0,19.563,19.28083333333333,65.899,65.0025,,0.3596403596403599,,,
2024-08-10 19:00:00,18.247390000000003,23.9,17.991664999999998,12.533335,0.0,18.566666666666663,69.26816666666667,2.297483333333333,168.47833333333335,919.60429,34.76683333333334,0.0,18.7085,18.416833333333333,69.56416666666668,68.97983333333333,,0.3596403596403596,,,
2024-08-10 20:00:00,17.41795,23.9,17.924999999999997,12.51667,0.0,17.812,72.738,2.653766666666667,168.87833333333336,919.7743266666668,4.910066666666666,0.0,17.9515,17.6505,72.93133333333334,72.52916666666667,,0.3629702297702299,,,
2024-08-10 21:00:00,16.645815,23.9,17.950000000000003,12.533335,0.0,16.947333333333333,78.13616666666667,2.70515,166.34666666666666,920.46323,0.0,0.0,17.0835,16.789166666666667,78.29866666666666,77.9645,,0.3613052947052947,,,
2024-08-10 22:00:00,16.176655,23.925,17.95833,12.508335,0.0,16.3735,81.617,2.73135,162.6616666666667,921.1078533333332,0.0,0.0,16.509833333333333,16.21783333333333,81.766,81.4665,,0.3609724275724275,,,
2024-08-10 23:00:00,15.71135,23.916665,18.0,12.516665,0.0,16.043,84.48833333333333,1.3697833333333334,153.57166666666666,921.224515,0.0,0.0,16.186833333333333,15.892833333333334,84.64,84.32166666666667,,0.359307492507493,,,
2024-08-11 00:00:00,15.37974,23.9,17.966665,12.5,0.0,15.888166666666669,86.0,0.3909,89.81783333333333,921.1169033333332,0.0,0.0,16.012333333333334,15.729333333333331,86.19666666666667,85.79166666666667,,0.3619714285714284,1.1806373916799975,1.416764870015997,1.2
2024-08-11 01:00:00,15.24493,23.90833,17.983335,12.533335,0.0,15.607166666666666,87.66666666666667,0.6361166666666667,124.0005,920.9034483333332,0.0,0.0,15.749333333333334,15.452833333333333,87.81666666666666,87.49833333333332,,0.3596403596403596,,,
2024-08-11 02:00:00,14.83169,23.90833,17.983335,12.5,0.0,15.357333333333337,89.97,1.3610166666666668,173.395,920.5467266666668,0.0,0.0,15.5035,15.2035,90.12833333333332,89.8,,0.3609724275724275,,,
2024-08-11 03:00:00,14.95005,23.925,18.0,12.5,0.0,15.0445,93.52333333333333,3.4501500000000003,170.92000000000002,918.86084,0.0,0.0,15.179833333333333,14.893166666666668,93.66833333333334,93.355,,0.3596403596403596,,,
2024-08-11 04:00:00,14.501375,23.966665,17.916665000000002,12.5,0.0,15.005833333333332,94.61666666666666,2.510083333333333,183.85,918.3440283333332,0.0,0.0,15.152666666666669,14.8485,94.75833333333334,94.44666666666669,,0.3613054945054948,,,
2024-08-11 05:00:00,14.54209,23.941665,17.966665,12.5,0.0,15.103,92.99666666666668,2.8361333333333336,176.845,918.3360766666666,0.0,0.0,15.241833333333334,14.930833333333334,93.13833333333334,92.83333333333331,,0.3603064935064932,,,
2024-08-11 06:00:00,14.6362,23.924995000000003,17.991664999999998,12.5,0.0,15.105833333333331,92.41,1.764066666666667,166.735,918.4866883333332,0.0,0.0,15.250666666666666,14.9505,92.56666666666666,92.24833333333332,,0.3599736263736263,,,
2024-08-11 07:00:00,15.06914,23.91666,18.0,12.491665,0.0,15.374833333333331,91.11,2.0738666666666665,159.18466666666666,918.5310233333332,8.985816666666667,0.0,15.5175,15.222,91.265,90.92666666666668,,0.3603066933066933,,,
2024-08-11 08:00:00,15.07785,23.983335,17.941665,12.5,0.0,15.181166666666666,94.00833333333334,2.2803,160.6965,918.4019766666668,10.576566666666668,0.0,15.322333333333336,15.028,94.17166666666668,93.83166666666666,,0.3596403596403596,,,
2024-08-11 09:00:00,15.0793,23.975,17.958334999999998,12.491665,0.0,15.333833333333333,95.71166666666666,2.0402666666666667,143.51396666666668,918.0342833333332,47.04183333333334,0.0042333333333333,15.481166666666669,15.1725,95.865,95.53333333333332,,0.3596403596403596,,,
2024-08-11 10:00:00,15.62521,23.991665,17.991664999999998,12.5,0.0,15.506833333333333,96.51166666666668,1.0254333333333332,135.41666666666666,918.48677,57.219,0.0,15.643,15.348333333333333,96.66333333333334,96.32,,0.3573094905094905,,,
2024-08-11 11:00:00,16.0221,23.98333,17.958334999999998,12.5,0.0,15.892833333333334,97.69666666666669,2.03855,174.90666666666667,918.8548416666667,108.02866666666668,0.0,16.039833333333334,15.732166666666666,97.86,97.52166666666668,,0.3589744255744257,,,
2024-08-11 12:00:00,16.992015000000002,23.991665,17.983335,12.483335,0.0,16.650333333333332,96.01333333333334,1.8315,161.14,918.4138416666666,146.495,0.0,16.788833333333333,16.49,96.21333333333334,95.775,,0.3583082917082917,,,
2024-08-11 13:00:00,17.8664,24.0,17.933335,12.516665,0.0,17.519833333333334,91.91,1.7866333333333335,164.72666666666666,917.98947,200.35333333333327,0.0,17.67683333333333,17.34916666666667,92.345,91.48333333333332,,0.3586413586413587,,,
2024-08-11 14:00:00,19.389255,23.983335,17.991664999999998,12.491665,0.0,18.466,86.74833333333332,1.9076,154.83666666666667,917.453575,258.93666666666667,0.0,18.607166666666668,18.3085,87.41833333333334,86.06833333333334,,0.3579754245754248,,,
2024-08-11 15:00:00,20.138525,23.95833,17.941665,12.5,0.0,19.166833333333333,83.60666666666665,2.5702333333333334,154.82999999999998,916.7803766666668,241.53166666666667,0.0,19.313,18.998166666666663,84.185,83.08666666666666,,0.3606395604395605,,,
2024-08-11 16:00:00,20.003005,23.949995,17.941665,12.491665,0.0,19.154,84.78166666666667,2.973966666666666,161.84166666666667,916.2425366666666,202.7383333333333,0.0,19.3035,18.986833333333333,85.16833333333334,84.36999999999999,,0.3613056943056941,,,
2024-08-11 17:00:00,19.44703,23.93333,17.93333,12.466665,0.0,19.177000000000003,85.78166666666667,2.7762,155.625,915.7690833333332,132.3565,0.0,19.329,19.0205,86.08500000000001,85.45,,0.3633036963036959,,,
2024-08-11 18:00:00,20.0959,23.90833,17.98333,12.475,0.0,19.90033333333333,82.53666666666666,2.74,150.51333333333332,915.2690783333333,115.28,0.0,20.055666666666664,19.74566666666667,82.87333333333332,82.2,,0.3619716283716284,,,
2024-08-11 19:00:00,19.425225,23.924995000000003,17.958334999999998,12.483335,0.0,19.015833333333333,86.67166666666667,2.0081166666666665,97.95151666666668,915.8723566666666,22.74638333333333,0.0,19.148833333333336,18.86233333333333,86.84666666666666,86.47833333333332,,0.3619714285714284,,,
2024-08-11 20:00:00,18.42715,23.925,18.0,12.466665,0.0,18.47983333333333,89.51333333333334,1.866866666666667,101.21766666666667,917.207295,2.5842,0.0,18.619833333333336,18.326166666666666,89.65666666666667,89.365,,0.3609724275724275,,,
2024-08-11 21:00:00,17.019225,23.90833,17.966665,12.458335,0.0,17.5665,93.21,2.15945,130.57583333333335,917.174165,0.0,0.0,17.707666666666668,17.406,93.34166666666668,93.04833333333332,,0.3633034965034966,,,
2024-08-11 22:00:00,16.934759999999997,23.924995000000003,17.958334999999998,12.491665,0.0,17.3075,94.39833333333333,1.5118333333333331,147.255,917.8551916666668,0.0,0.0,17.432166666666667,17.144833333333334,94.53833333333334,94.24333333333334,,0.3616385614385617,,,
2024-08-11 23:00:00,16.11781,23.95833,18.0,12.491665,0.0,16.5795,96.29333333333334,1.0142833333333334,131.91216666666665,917.8144866666668,0.0,0.0,16.720333333333333,16.4265,96.45166666666668,96.12333333333332,,0.3586415584415587,,,
2024-08-12 00:00:00,16.16827,23.975,17.983335,12.48333,0.0,16.414166666666667,98.09,3.408233333333333,183.97,918.3304833333332,0.0,0.0,16.56566666666667,16.2605,98.24166666666666,97.945,,0.3589744255744254,3.152639242643958,3.7831670911727495,1.2
2024-08-12 01:00:00,16.154775,23.983335,17.966665,12.483335,0.0,16.518833333333333,97.36833333333334,1.8637,208.74166666666667,918.3458,0.0,0.0,16.648500000000002,16.368833333333335,97.50666666666666,97.205,,0.3593072927072926,,,
2024-08-12 02:00:00,16.504150000000003,23.991665,17.933335,12.483335,0.0,16.554333333333332,98.285,0.88955,223.9333333333333,918.419195,0.0,0.0,16.700499999999998,16.3965,98.43166666666666,98.12333333333332,,0.3603062937062938,,,
2024-08-12 03:00:00,16.670099999999998,23.98333,17.975,12.466665,0.0,16.59916666666667,98.21166666666666,1.02405,236.92166666666665,918.2583316666668,0.0,0.0,16.741666666666667,16.43883333333333,98.34833333333331,98.05833333333334,,0.3596405594405596,,,
2024-08-12 04:00:00,16.54713,24.0,17.991664999999998,12.45,0.0,16.446833333333334,98.935,0.9118166666666668,265.445,917.9284483333332,0.0,0.0,16.591166666666666,16.288833333333333,99.06833333333334,98.77833333333334,,0.3589744255744254,,,
2024-08-12 05:00:00,16.62166,23.991665,17.98333,12.491665,0.0,16.476166666666668,99.59166666666668,0.9316166666666666,219.9915,917.7545433333332,0.0,0.0,16.619666666666667,16.322,99.72166666666666,99.43833333333332,,0.3579756243756245,,,
2024-08-12 06:00:00,16.634439999999998,23.98333,17.95,12.483335,0.0,16.462833333333332,99.84833333333331,1.63065,20.309466666666665,918.32042,0.0,0.0,16.6025,16.3005,99.99666666666668,99.67166666666668,,0.3599734265734266,,,
2024-08-12 07:00:00,16.636519999999997,24.0,17.916665000000002,12.425,0.0,16.570333333333334,99.97833333333332,1.6853833333333337,24.074383333333333,918.6860766666666,7.573533333333333,0.0,16.711666666666666,16.410666666666668,100.115,99.81666666666666,,0.3629704295704299,,,
2024-08-12 08:00:00,17.171885000000003,23.991665,17.941665,12.408335,0.0,16.99566666666667,99.87,0.6263000000000001,86.45816666666666,919.2863466666666,40.556,0.0,17.14783333333333,16.838,100.00666666666666,99.70166666666668,,0.3629704295704292,,,
2024-08-12 09:00:00,18.18786,24.0,18.0,12.45,0.0,18.058333333333334,95.64833333333333,0.6876166666666667,64.99733333333333,919.6185366666668,122.25266666666668,0.0,18.205,17.902166666666666,95.90666666666668,95.39833333333333,,0.3586413586413587,,,
2024-08-12 10:00:00,19.89751,24.00833,17.908335,12.441665,0.0,19.439666666666668,84.45466666666667,1.74435,56.04533333333333,920.0379933333334,221.16666666666663,0.0,19.584666666666667,19.28633333333333,85.05199999999999,83.78283333333334,,0.3623044955044956,,,
2024-08-12 11:00:00,21.354285,23.991665,17.908335,12.416665,0.0,20.7185,75.1,1.7701666666666669,80.95450000000001,920.2581933333332,344.065,0.0,20.861833333333333,20.574,75.95116666666667,74.30566666666667,,0.3639694305694301,,,
2024-08-12 12:00:00,22.242065,23.98333,17.941665,12.45833,0.0,21.698500000000003,70.76950000000001,1.4969333333333334,139.77433333333332,920.1694133333332,432.5916666666666,0.0,21.859166666666667,21.531166666666667,71.589,69.99483333333333,,0.3613056943056941,,,
2024-08-12 13:00:00,24.65794,23.925,17.933335,12.41667,0.0,23.241333333333333,63.98366666666666,1.6406833333333333,127.50466666666668,920.0433616666668,612.3816666666667,0.0,23.4,23.08,64.88116666666666,63.1385,,0.3656341658341659,,,
2024-08-12 14:00:00,26.30518,23.9,17.991664999999998,12.475,0.0,24.598333333333336,59.84933333333333,2.2119166666666668,169.632,919.6254216666669,783.1483333333333,0.0,24.766,24.427,60.73883333333333,58.9685,,0.3619714285714284,,,
2024-08-12 15:00:00,26.76444,23.875,17.941665,12.441665,0.0,25.95983333333333,57.3145,1.7071,99.48393333333334,918.8718866666666,745.94,0.0,26.12183333333333,25.8,58.469,56.195,,0.3663004995004996,,,
2024-08-12 16:00:00,26.507985,23.78333,17.916665000000002,12.466665,0.0,26.237666666666662,58.0415,1.7468333333333337,90.01050000000001,918.3579633333334,593.9533333333333,0.0,26.39733333333333,26.074,59.061,57.150333333333336,,0.3699636363636365,,,
2024-08-12 17:00:00,26.226665,23.741665,17.966665,12.45,0.0,26.216833333333334,57.51383333333333,2.1901333333333333,130.55866666666665,918.0638266666666,444.26166666666666,0.0,26.368166666666664,26.050666666666665,58.2835,56.74083333333333,,0.3702965034965034,,,
2024-08-12 18:00:00,24.832205,23.7,17.924999999999997,12.43333,0.0,25.525166666666667,58.19666666666667,3.1854,175.45666666666665,917.792355,230.37833333333336,0.0,25.686,25.374,58.620666666666665,57.74066666666667,,0.3742925074925077,,,
2024-08-12 19:00:00,22.542495,23.7,17.93333,12.408335,0.0,24.002,64.83983333333333,1.844933333333333,164.375,917.5570016666668,58.2085,0.0,24.154666666666667,23.850166666666667,65.11083333333333,64.56916666666667,,0.3749584415584412,,,
2024-08-12 20:00:00,20.41176,23.7,17.975,12.433335,0.0,22.018,75.99499999999999,0.7489833333333333,96.658,917.251305,4.7638,0.0,22.1625,21.863,76.25533333333333,75.74666666666667,,0.3722943056943059,,,
2024-08-12 21:00:00,19.132455,23.7,17.991664999999998,12.441665,0.0,20.785833333333336,79.68566666666668,0.8008000000000001,139.1265,917.6824933333334,0.0,0.0,20.92633333333333,20.63383333333333,79.82633333333334,79.53500000000001,,0.3712955044955043,,,
2024-08-12 22:00:00,18.48647,23.7,17.95,12.45,0.0,20.03383333333333,84.57166666666667,0.46295,96.41716666666666,918.5052566666668,0.0,0.0,20.177333333333333,19.874333333333333,84.74333333333334,84.40333333333334,,0.3726273726273728,,,
2024-08-12 23:00:00,18.530805,23.7,17.958334999999998,12.4,0.0,19.953166666666668,85.87333333333332,1.7362,148.325,918.6646933333334,0.0,0.0,20.092666666666663,19.7925,86.01166666666667,85.72166666666666,,0.374292307692308,,,
2024-08-13 00:00:00,18.917055,23.7,17.958334999999998,12.433335,0.0,19.608166666666666,86.85333333333332,1.1800666666666666,128.68816666666666,918.5083483333332,0.0,0.0,19.757166666666667,19.451833333333333,87.00333333333333,86.70833333333333,,0.3729602397602401,2.638963495054532,3.1667561940654383,1.2
2024-08-13 01:00:00,17.341079999999998,23.7,17.975,12.441665,0.0,18.28,91.865,0.4032333333333333,72.935,917.86826,0.0,0.0,18.422666666666665,18.126666666666665,92.04,91.675,,0.3719614385614386,,,
2024-08-13 02:00:00,16.643385000000002,23.7,17.958334999999998,12.4,0.0,17.348000000000003,96.01,0.2578666666666666,49.54279999999999,917.59845,0.0,0.0,17.500333333333334,17.192333333333334,96.16333333333334,95.845,,0.374292307692308,,,
2024-08-13 03:00:00,16.684975,23.7,17.983335,12.441665,0.0,17.877333333333336,89.11166666666666,1.80665,161.48,917.808965,0.0,0.0,18.0175,17.720833333333335,89.30333333333333,88.93666666666667,,0.3716283716283716,,,
2024-08-13 04:00:00,17.334845,23.7,17.975,12.408335,0.0,18.349833333333333,85.71166666666666,1.84055,143.26666666666668,917.6121683333332,0.0,0.0,18.490166666666667,18.19633333333333,85.855,85.565,,0.3732933066933067,,,
2024-08-13 05:00:00,17.905450000000002,23.7,17.96667,12.433335,0.0,18.3415,87.795,2.49335,143.57999999999998,917.1039766666668,0.0,0.0,18.484666666666666,18.192,87.93833333333333,87.63000000000001,,0.3726271728271731,,,
2024-08-13 06:00:00,17.12366,23.7,17.975,12.408335,0.0,17.824,92.76333333333334,1.959533333333333,143.15366666666665,916.69092,0.0,0.0,17.965666666666667,17.668,92.91,92.59333333333332,,0.3732933066933067,,,
2024-08-13 07:00:00,17.924875,23.7,17.95,12.408335,0.0,18.363333333333333,94.34166666666668,1.4271833333333332,134.847,917.0680716666668,5.111116666666666,0.0,18.50633333333333,18.209166666666665,94.48166666666664,94.19833333333332,,0.3742923076923076,,,
2024-08-13 08:00:00,18.71777,23.7,17.991664999999998,12.408335,0.0,18.639,96.405,2.1839166666666667,152.64166666666668,917.2427983333332,30.6205,0.0,18.77733333333333,18.483,96.54333333333334,96.25333333333332,,0.3726273726273725,,,
2024-08-13 09:00:00,18.846310000000003,23.7,17.96667,12.425,0.0,18.8,96.49833333333332,2.34965,151.65166666666667,917.5164833333332,91.95066666666666,0.0,18.948500000000003,18.637666666666668,96.695,96.29833333333332,,0.3729602397602398,,,
2024-08-13 10:00:00,19.744275,23.7,18.0,12.433335,0.0,19.4575,92.32166666666669,2.5889666666666664,160.225,917.8856966666666,120.82666666666668,0.0,19.608666666666668,19.300666666666665,92.57,92.08333333333331,,0.371295304695305,,,
2024-08-13 11:00:00,20.40835,23.7,17.991664999999998,12.4,0.0,19.844833333333334,90.265,2.7161166666666667,166.19666666666666,918.004585,143.55766666666665,0.0,20.00633333333333,19.68,90.52166666666668,89.97666666666667,,0.3729604395604395,,,
2024-08-13 12:00:00,21.43319,23.7,17.95,12.425,0.0,21.628833333333333,81.533,2.824583333333333,156.13666666666668,917.6258216666666,344.0466666666667,0.0,21.77433333333333,21.473333333333336,82.16283333333334,80.94633333333333,,0.3736263736263737,,,
2024-08-13 13:00:00,23.577775,23.658335,17.95,12.45,0.0,23.095333333333333,75.85716666666667,2.5199166666666666,146.9,917.076485,401.5516666666666,0.0,23.244833333333336,22.92933333333333,76.516,75.19516666666667,,0.374292307692308,,,
2024-08-13 14:00:00,25.681365,23.59167,17.941670000000002,12.4,0.0,24.791833333333333,70.51083333333332,2.472733333333333,136.98999999999998,916.6643433333334,588.4016666666666,0.0,24.972,24.60333333333333,71.28866666666666,69.78150000000001,,0.3792871128871127,,,
2024-08-13 15:00:00,24.614495,23.55,17.98333,12.408335,0.0,24.433333333333334,72.23566666666667,3.189383333333333,149.63,916.4560366666668,413.255,0.0,24.60383333333333,24.26183333333333,72.82466666666666,71.66766666666668,,0.3789544455544454,,,
2024-08-13 16:00:00,26.437085,23.50833,17.966665,12.4,0.0,25.368666666666662,69.30216666666666,3.57565,143.66833333333335,915.6876666666668,523.2333333333333,0.0,25.526333333333334,25.198,69.89983333333333,68.76233333333333,,0.3816185814185818,,,
2024-08-13 17:00:00,25.966715,23.466665,17.95,12.41667,0.0,25.383666666666667,70.43566666666668,3.6064166666666666,143.86333333333332,915.1087116666666,460.5916666666666,0.0,25.541666666666668,25.228166666666667,70.85983333333334,69.993,,0.383283316683317,,,
2024-08-13 18:00:00,25.533035,23.433335,17.991664999999998,12.45,0.0,25.28483333333333,71.34533333333334,3.3777666666666666,146.02,914.7350083333332,275.63,0.0,25.4305,25.126,71.70516666666667,71.0,,0.3816183816183815,,,
2024-08-13 19:00:00,24.212235,23.4,17.941665,12.41667,0.0,24.71066666666667,74.67683333333333,3.3004333333333333,150.04666666666665,914.496795,104.57033333333334,0.0,24.850166666666667,24.563166666666667,74.87083333333334,74.49066666666666,,0.3862803196803197,,,
2024-08-13 20:00:00,23.14263,23.4,17.925,12.45,0.0,23.619833333333336,80.29983333333332,3.02145,148.11166666666668,914.5548866666668,2.736883333333333,0.0,23.7585,23.468166666666665,80.42983333333333,80.16083333333333,,0.3856143856143857,,,
2024-08-13 21:00:00,22.06154,23.41666,17.933335,12.441665,0.0,22.805,84.44,0.5682166666666666,106.6615,914.6479766666666,0.0,0.0,22.95,22.646,84.60166666666667,84.28666666666666,,0.3849486513486515,,,
2024-08-13 22:00:00,20.94265,23.416665,17.975,12.408335,0.0,21.985166666666668,90.085,1.0979,126.15416666666668,914.2019116666668,0.0,0.0,22.115333333333336,21.86733333333333,90.245,89.94666666666667,,0.3846153846153845,,,
2024-08-13 23:00:00,20.13543,23.441665,18.0,12.41667,0.0,19.706,93.08333333333331,4.16935,206.33166666666665,914.6479533333334,0.0,0.1227666666666666,19.859,19.5465,93.33333333333331,92.82666666666668,,0.3822843156843157,,,
2024-08-14 00:00:00,18.1754,23.68333,18.025,12.408335,0.0,18.644333333333336,93.745,2.795333333333333,230.185,914.8681566666668,0.0,0.0423333333333333,18.78983333333333,18.483166666666666,93.90666666666668,93.57666666666668,,0.3719614385614382,4.401818870189286,5.282182644227143,1.2
2024-08-14 01:00:00,17.582189999999997,24.75,18.075000000000003,12.416665,0.0,18.2035,94.81333333333332,3.819083333333333,194.89,914.1716733333334,0.0,0.0296333333333333,18.3395,18.04983333333333,94.95833333333331,94.64166666666668,,0.3270063936063933,,,
2024-08-14 02:00:00,17.462825000000002,26.175,18.1,12.408335,0.0,18.373,92.68666666666668,1.832,152.4945,912.76336,0.0,0.0084666666666666,18.52083333333333,18.220166666666668,92.89166666666668,92.485,,0.2693972027972026,,,
2024-08-14 03:00:00,17.473350000000003,27.15,18.133335,12.4,0.0,18.046333333333333,95.03,1.3816666666666668,87.20983333333334,911.883,0.0,0.0,18.18583333333333,17.891833333333334,95.20333333333332,94.85666666666664,,0.2294371628371631,,,
2024-08-14 04:00:00,17.1334,27.25,18.191665,12.391665,0.0,17.6165,96.97166666666666,0.5600333333333334,117.55968333333334,912.3836566666666,0.0,0.0,17.754166666666666,17.46216666666667,97.115,96.81666666666666,,0.2234433566433565,,,
2024-08-14 05:00:00,16.56424,27.21667,18.216665,12.4,0.0,17.067833333333333,98.58666666666666,0.5872833333333334,209.61666666666667,913.241115,0.0,0.0,17.21966666666667,16.912166666666668,98.72833333333332,98.44333333333334,,0.2234431568431571,,,
2024-08-14 06:00:00,16.53356,27.25833,18.291665,12.408335,0.0,17.421833333333332,97.54333333333334,0.5134166666666666,186.86,913.58003,0.0,0.0,17.570333333333334,17.2675,97.69666666666669,97.395,,0.2184483516483517,,,
2024-08-14 07:00:00,16.263315,27.208335,18.358335,12.408335,0.0,17.32633333333333,97.495,0.34715,131.92666666666668,913.76357,27.512183333333333,0.0,17.475833333333334,17.17,97.64166666666668,97.325,,0.217782017982018,,,
2024-08-14 08:00:00,19.2725,27.2,18.4,12.4,0.0,20.17383333333333,88.36166666666666,1.4194833333333332,191.00666666666663,914.067655,165.79833333333332,0.0,20.319666666666667,20.018,89.00833333333334,87.71666666666667,,0.2167832167832165,,,
2024-08-14 09:00:00,21.660665,27.191665,18.458335,12.408335,0.0,21.32283333333333,83.27333333333333,1.5989166666666668,185.98,914.0509116666668,168.41833333333335,0.0,21.4685,21.188333333333333,83.94833333333332,82.65216666666667,,0.2144521478521477,,,
2024-08-14 10:00:00,22.18794,27.108335,18.466665,12.416665,0.0,22.238666666666667,79.596,1.6608333333333334,176.15166666666667,914.113225,135.86499999999998,0.0,22.387666666666668,22.09283333333333,80.24366666666667,78.99216666666666,,0.2171162837162835,,,
2024-08-14 11:00:00,22.91295,27.1,18.558335,12.4,0.0,22.950133333333333,72.59116666666667,1.8538,196.4033333333333,914.18654,336.65,0.0,23.719833333333334,21.85833333333333,74.14983333333333,70.43733333333333,,0.2144521478521477,,,
2024-08-14 12:00:00,25.2422,27.016665,18.591665,12.4,0.0,24.98483333333333,68.47583333333334,1.88725,205.15,914.0354833333332,508.9654545454545,0.0,25.1355,24.8385,69.53083333333333,67.54183333333333,,0.2164503496503499,,,
2024-08-14 13:00:00,28.175775,26.95833,18.6,12.408335,0.0,27.41433333333333,62.42333333333333,2.5548166666666665,210.9183333333333,913.6188733333332,881.2403508771929,0.0042333333333333,27.598333333333336,27.23783333333333,63.761,61.07333333333334,,0.2181152847152843,,,
2024-08-14 14:00:00,28.87748,26.858335,18.6,12.416665,0.0,29.580166666666667,53.085166666666666,1.8282166666666664,232.5366666666667,913.0508266666668,839.0827586206897,0.0,29.740333333333336,29.42533333333333,54.43233333333333,51.873666666666665,,0.2217782217782213,,,
2024-08-14 15:00:00,30.098795,26.73333,18.616665,12.408335,0.0,31.3955,41.3965,2.01225,305.25,912.8038333333334,816.125,0.0,31.558333333333334,31.236,42.77366666666667,40.021,,0.2264403596403594,,,
2024-08-14 16:00:00,30.13315,26.65,18.633335,12.433335,0.0,32.25933333333333,36.17483333333333,2.4405,282.385,912.55881,716.1733333333334,0.0,32.41683333333334,32.118833333333335,37.246,35.0805,0.2673605470296456,0.2281050949050952,,,
2024-08-14 17:00:00,29.65909,26.541665,18.7,12.4,0.0,32.19566666666667,33.294666666666664,1.9593333333333327,284.18833333333333,912.2986533333334,543.9733333333334,0.0,32.358333333333334,32.03616666666667,34.315666666666665,32.296,0.655533949191621,0.2311022977022979,,,
2024-08-14 18:00:00,29.075565,26.40833,18.691665,12.43333,0.0,32.22566666666667,29.2865,1.9085666666666663,248.5016666666667,912.119115,369.12666666666667,0.0,32.37833333333334,32.069833333333335,30.06116666666667,28.5895,,0.2354315684315685,,,
2024-08-14 19:00:00,27.526485,26.375,18.691665,12.4,0.0,31.102500000000003,34.07566666666666,1.3221666666666667,241.7483333333333,911.9574066666668,162.8955,0.0,31.256666666666668,30.953166666666668,34.631,33.562333333333335,,0.2380953046953048,,,
2024-08-14 20:00:00,23.509075000000003,26.3,18.708335,12.4,0.0,27.948833333333333,44.314,1.75595,226.53333333333333,912.47169,14.76495,0.0,28.113666666666667,27.800833333333333,44.65916666666667,44.008833333333335,,0.2404261738261739,,,
2024-08-14 21:00:00,20.908175,26.3,18.758335,12.408335,0.0,25.702166666666667,50.20683333333333,2.6519833333333334,219.04666666666665,912.858755,0.0,0.0,25.843,25.560166666666664,50.50233333333333,49.92516666666667,,0.2380951048951051,,,
2024-08-14 22:00:00,20.552280000000003,26.291665,18.783335,12.416665,0.0,24.794833333333333,49.34516666666666,3.747216666666666,235.63333333333333,913.2386716666666,0.0,0.0,24.93283333333333,24.650166666666667,49.59366666666666,49.131166666666665,,0.2370963036963036,,,
2024-08-14 23:00:00,21.737160000000003,26.266665,18.816665,12.4,0.0,23.138666666666666,48.23183333333333,3.6456,300.775,914.4016733333334,0.0,0.0,23.283666666666665,22.99,48.473,48.011,,0.2374293706293705,,,
2024-08-15 00:00:00,19.59962,26.225,18.84167,12.4,0.0,21.7185,50.0475,2.555266666666667,294.52000000000004,914.7485266666666,0.0,0.0,21.857333333333333,21.578666666666667,50.2875,49.81766666666667,,0.2380951048951044,5.057812919707221,6.069375503648665,1.2
2024-08-15 01:00:00,18.533525,26.2,18.891665,12.4,0.0,20.0335,59.755833333333335,1.2336833333333332,279.06666666666666,914.7895833333332,0.0,0.0,20.18,19.884,59.9715,59.5585,,0.2370963036963036,,,
2024-08-15 02:00:00,15.551285,26.175,18.86667,12.425,0.0,18.598166666666668,67.97333333333333,0.3365666666666666,127.16066666666669,914.8202866666668,0.0,0.0,18.736666666666668,18.448500000000003,68.25183333333334,67.70533333333334,,0.2380951048951051,,,
2024-08-15 03:00:00,14.51914,26.15,18.9,12.4,0.0,18.163833333333333,69.01366666666667,1.3287666666666669,236.42666666666668,915.14642,0.0,0.0,18.317666666666664,18.016,69.25516666666667,68.78883333333333,,0.2387612387612387,,,
2024-08-15 04:00:00,15.342605,26.1,18.9,12.4,0.0,17.312833333333334,74.84716666666667,0.8266166666666667,257.51,915.4928966666666,0.0,0.0,17.453666666666667,17.16033333333333,75.06866666666666,74.63766666666668,,0.2407592407592408,,,
2024-08-15 05:00:00,13.96699,26.1,18.875,12.416665,0.0,15.928166666666668,82.65633333333334,0.7605166666666666,174.57666666666668,915.4440783333332,0.0,0.0,16.083666666666666,15.7755,82.93833333333333,82.41466666666666,,0.2410923076923075,,,
2024-08-15 06:00:00,13.67838,26.1,18.9,12.4,0.0,16.214666666666666,80.65066666666667,0.86885,235.55166666666668,915.4130966666668,0.0,0.0,16.362666666666666,16.072666666666667,80.878,80.44033333333333,,0.2407592407592408,,,
2024-08-15 07:00:00,13.49166,26.1,18.908335,12.416665,0.0,15.835166666666668,84.50500000000001,1.28635,278.2316666666667,916.0797433333332,16.6355,0.0,15.978666666666667,15.6865,84.72166666666666,84.27833333333334,,0.2397602397602396,,,
2024-08-15 08:00:00,16.841575,26.1,18.9,12.4,0.0,18.175166666666662,74.67983333333333,1.777016666666667,278.96,916.464215,232.015,0.0,18.31116666666667,18.028166666666667,75.11883333333334,74.26683333333334,,0.2407592407592408,,,
2024-08-15 09:00:00,20.67809,26.05833,18.908335,12.4,0.0,20.730166666666666,65.0555,2.0192,298.7183333333333,916.69805,429.02166666666665,0.0,20.882166666666667,20.57733333333333,65.8275,64.339,,0.2420913086913083,,,
2024-08-15 10:00:00,23.19575,26.0,18.91667,12.4,0.0,23.483833333333333,54.4545,2.16645,280.05626666666666,916.7103666666668,611.7483333333333,0.0,23.65533333333333,23.32333333333333,55.600166666666674,53.4205,,0.2440891108891108,,,
2024-08-15 11:00:00,24.801385,25.90833,18.908335,12.408335,0.0,25.616,48.84316666666667,2.6022833333333333,286.9223333333333,917.0315533333334,754.0716666666667,0.0,25.77133333333333,25.463,49.97616666666667,47.788,,0.2477522477522477,,,
2024-08-15 12:00:00,26.29941,25.841665,18.925,12.408335,0.0,27.1295,44.15233333333333,2.69305,256.0615,917.052225,849.7,0.0,27.297833333333337,26.964,45.596,42.86283333333333,,0.2497502497502498,,,
2024-08-15 13:00:00,27.29331,25.716665,18.941665,12.425,0.0,27.78683333333333,41.603,2.9128666666666665,270.29266666666666,916.95667,898.3333333333334,0.0,27.95266666666667,27.61466666666667,43.023,40.32333333333334,,0.2534133866133868,,,
2024-08-15 14:00:00,27.664985,25.633335,18.9,12.4,0.0,28.59,38.346,2.8135833333333333,294.3699,916.7588916666666,893.3333333333334,0.0,28.763166666666667,28.405166666666663,39.75083333333334,37.068,,0.2594071928071931,,,
2024-08-15 15:00:00,27.69542,25.525,18.916665,12.4,0.0,29.314666666666668,36.45883333333334,2.684133333333333,308.72333333333336,916.3953833333333,828.23,0.0,29.479166666666668,29.147166666666667,37.7115,35.355333333333334,,0.2630703296703297,,,
2024-08-15 16:00:00,28.13745,25.4,18.916665,12.4,0.0,29.81233333333333,34.3085,2.4118666666666666,313.0366666666667,916.0287333333332,719.065,0.0,29.963,29.639166666666664,35.428,33.223333333333336,,0.2680653346653348,,,
2024-08-15 17:00:00,28.295965,25.333335,18.908335,12.4,0.0,30.04866666666667,32.46933333333333,2.04945,291.8,915.873535,553.4366666666666,0.0,30.20583333333333,29.884666666666664,33.554,31.386666666666667,0.1801493884394161,0.2710621378621378,,,
2024-08-15 18:00:00,27.527235,25.275,18.9,12.408335,0.0,29.653666666666663,34.14866666666667,1.2248166666666669,299.79299999999995,915.707065,353.6616666666667,0.0,29.817666666666664,29.492166666666662,35.282333333333334,33.046,,0.2733932067932069,,,
2024-08-15 19:00:00,25.06673,25.23333,18.9,12.408335,0.0,27.853,39.631166666666665,0.7323500000000001,237.56333333333333,915.609095,77.025,0.0,28.015666666666668,27.6925,40.45399999999999,38.8995,,0.2750583416583417,,,
2024-08-15 20:00:00,20.98171,25.175,18.891665,12.425,0.0,22.721166666666665,60.0205,1.2144,161.4576,915.837875,3.172883333333333,0.0,22.88833333333333,22.56883333333333,60.5045,59.46816666666667,,0.2770563436563435,,,
2024-08-15 21:00:00,17.86378,25.2,18.9,12.4,0.0,18.833666666666662,77.61816666666667,1.3522,176.734,916.4843116666668,0.0,0.0,18.977,18.684,77.90883333333333,77.324,,0.2767232767232768,,,
2024-08-15 22:00:00,15.687385,25.2,18.891665,12.408335,0.0,16.954,82.62166666666667,1.5736,189.94166666666663,916.9675633333334,0.0,0.0,17.10216666666667,16.809833333333334,82.855,82.41333333333334,,0.2767232767232765,,,
2024-08-15 23:00:00,14.91775,25.14167,18.9,12.4,0.0,16.122333333333334,85.49833333333332,1.241083333333333,198.4633333333333,917.1263583333332,0.0,0.0,16.27583333333333,15.965,85.73,85.28333333333333,,0.2790541458541459,,,
2024-08-16 00:00:00,14.04446,25.116665,18.9,12.425,0.0,15.053,88.83500000000001,1.2603,195.83666666666667,917.1372766666668,0.0,0.0,15.199833333333334,14.904333333333334,89.03666666666666,88.64166666666667,,0.2790543456543459,5.100133007740981,6.120159609289177,1.2
2024-08-16 01:00:00,13.355655,25.141665,18.891665,12.408335,0.0,13.9815,92.06,1.4495,192.38666666666668,917.2643966666668,0.0,0.0,14.123833333333332,13.834833333333334,92.24666666666668,91.86,,0.2790543456543453,,,
2024-08-16 02:00:00,13.3949,25.11667,18.9,12.4,0.0,14.749666666666666,89.455,1.2985166666666668,174.095,917.315335,0.0,0.0,14.903333333333334,14.602833333333333,89.695,89.21333333333334,,0.2800531468531471,,,
2024-08-16 03:00:00,12.732255,25.108335,18.9,12.4,0.0,13.968666666666667,92.51,0.3613666666666666,96.83,917.1908233333332,0.0,0.0,14.115,13.815333333333331,92.795,92.22666666666667,,0.2803862137862137,,,
2024-08-16 04:00:00,12.133105,25.1,18.9,12.391665,0.0,12.960166666666668,94.975,0.8988833333333334,162.215,917.4880866666666,0.0,0.0,13.1095,12.818666666666669,95.18,94.77,,0.281052347652348,,,
2024-08-16 05:00:00,13.20036,25.1,18.9,12.416665,0.0,14.704,90.25,0.6047333333333333,139.96666666666667,917.4379233333332,0.0,0.0,14.859,14.555833333333334,90.48666666666666,90.00500000000001,,0.2800533466533468,,,
2024-08-16 06:00:00,14.1468,25.066665,18.9,12.408335,0.0,16.6405,81.43733333333333,1.2428833333333331,193.55916666666664,917.6356333333332,0.0,0.0,16.806833333333334,16.48,81.75983333333333,81.11616666666667,,0.2817182817182819,,,
2024-08-16 07:00:00,15.782865,25.06667,18.9,12.408335,0.0,19.24533333333333,73.99666666666667,2.8002,228.71166666666667,918.4301383333332,11.451766666666666,0.0,19.38583333333333,19.1005,74.24633333333333,73.76050000000001,,0.2817180819180819,,,
2024-08-16 08:00:00,17.708815,25.08333,18.908335,12.4,0.0,20.483166666666666,68.23683333333334,3.32485,220.74,918.488695,166.19433333333333,0.0,20.625833333333333,20.333666666666662,68.56099999999999,67.93433333333333,,0.2810523476523477,,,
2024-08-16 09:00:00,22.24894,25.03333,18.85833,12.408335,0.0,23.1285,58.44949999999999,2.7551666666666668,225.6133333333333,918.3357133333334,421.34,0.0,23.278166666666667,22.9765,59.01833333333333,57.894666666666666,,0.2847154845154843,,,
2024-08-16 10:00:00,24.244325,24.983335,18.9,12.45,0.0,24.72,53.981,3.82875,222.1083333333333,918.31175,602.4333333333333,0.0,24.863333333333333,24.566333333333333,54.579166666666666,53.4225,,0.2833832167832171,,,
2024-08-16 11:00:00,25.80831,24.9,18.9,12.408335,0.0,26.774,50.21583333333333,2.483783333333333,253.24666666666664,918.1226216666668,749.0066666666667,0.0,26.952166666666667,26.597666666666665,51.15766666666666,49.34066666666667,,0.2883782217782218,,,
2024-08-16 12:00:00,27.44009,24.883335,18.9,12.416665,0.0,28.506166666666665,44.98483333333333,2.498066666666667,273.05333333333334,917.770715,849.3833333333333,0.0,28.667,28.33483333333333,46.1935,43.867666666666665,,0.2887112887112888,,,
2024-08-16 13:00:00,28.19843,24.766665,18.88333,12.425,0.0,29.884166666666665,43.0335,2.7776,287.54,917.2803266666668,897.7666666666667,0.0,30.061,29.713,44.31716666666667,41.842333333333336,,0.2937064935064936,,,
2024-08-16 14:00:00,29.074525,24.683335,18.858335,12.4,0.0,30.433333333333334,43.4975,2.959233333333333,305.4616666666667,916.8938966666666,885.25,0.0,30.59583333333333,30.26333333333333,44.63466666666667,42.43266666666667,,0.299034165834166,,,
2024-08-16 15:00:00,29.56984,24.591665,18.85833,12.4,0.0,31.15,39.48350000000001,2.786583333333333,302.505,916.5605716666666,819.275,0.0,31.31583333333333,30.980166666666666,40.54016666666666,38.47633333333333,,0.3026975024975026,,,
2024-08-16 16:00:00,29.91235,24.525,18.833335,12.416665,0.0,31.797166666666666,35.588,2.3776333333333333,278.175,916.0424433333334,704.4300000000001,0.0,31.966,31.651333333333334,36.579166666666666,34.6325,0.1171608956414017,0.3056943056943053,,,
2024-08-16 17:00:00,29.936665,24.416665,18.783335,12.45,0.0,32.00183333333333,33.9225,2.2432666666666665,234.83,915.845065,547.3766666666667,0.0,32.163333333333334,31.8495,34.67666666666666,33.22983333333333,0.5445467026230821,0.3106893106893107,,,
2024-08-16 18:00:00,29.209765,24.391665,18.8,12.4,0.0,31.22433333333333,35.904333333333334,2.508466666666666,206.555,915.8485466666666,354.48833333333334,0.0,31.36583333333333,31.076666666666664,36.53916666666667,35.317,,0.3130203796203795,,,
2024-08-16 19:00:00,27.727875,24.308335,18.8,12.4,0.0,29.807,39.46066666666666,1.8287166666666663,200.385,915.94176,152.872,0.0,29.96433333333333,29.647166666666667,39.92883333333334,39.04166666666666,,0.3163502497502498,,,
2024-08-16 20:00:00,24.092435,24.3,18.8,12.425,0.0,25.261000000000003,58.11,1.4314833333333332,181.91666666666663,916.1561233333334,11.92735,0.0,25.4155,25.108166666666666,58.397666666666666,57.83383333333334,,0.3156843156843155,,,
2024-08-16 21:00:00,20.26728,24.3,18.808335,12.441665,0.0,21.879166666666663,72.21383333333333,1.7512166666666669,180.78166666666667,916.2609366666668,0.0,0.0,22.034166666666668,21.731166666666663,72.44933333333333,71.998,,0.3146853146853146,,,
2024-08-16 22:00:00,18.762885,24.3,18.8,12.425,0.0,20.69833333333333,77.35716666666667,1.6650333333333334,184.2133333333333,916.4932966666668,0.0,0.0,20.847666666666665,20.556,77.54616666666668,77.18116666666667,,0.3156843156843155,,,
2024-08-16 23:00:00,18.049235,24.266665,18.8,12.425,0.0,20.002,79.51266666666668,1.6062166666666668,185.38166666666663,916.7192466666668,0.0,0.0,20.15233333333333,19.8435,79.7245,79.31683333333334,,0.3170163836163837,,,
2024-08-17 00:00:00,19.326,24.274995,18.808335,12.433335,0.0,21.438333333333333,73.55333333333333,2.1326,189.53166666666667,916.95702,0.0,0.0,21.5875,21.28183333333333,73.79033333333334,73.31883333333333,,0.3160173826173828,5.121261569725776,6.145513883670931,1.2
2024-08-17 01:00:00,19.64611,24.274995,18.825,12.425,0.0,20.5015,78.46283333333332,1.5216333333333334,193.085,916.8897116666668,0.0,0.0,20.6435,20.3545,78.67916666666666,78.247,,0.3156845154845155,,,
2024-08-17 02:00:00,17.510675,24.249995,18.8,12.408335,0.0,19.60633333333333,80.7105,0.6600666666666667,77.107,917.0065383333332,0.0,0.0,19.755333333333333,19.4515,80.97983333333333,80.4305,,0.3183484515484516,,,
2024-08-17 03:00:00,16.17195,24.216665,18.808335,12.4,0.0,18.492,84.26833333333335,0.65025,79.96366666666667,917.1208033333334,0.0,0.0,18.646666666666665,18.33033333333333,84.6225,83.9195,,0.31968031968032,,,
2024-08-17 04:00:00,15.4838,24.2,18.81667,12.4,0.0,16.817333333333334,90.15666666666668,0.5410833333333334,122.276,917.4146366666666,0.0,0.0,16.957833333333333,16.667833333333334,90.58,89.78500000000001,,0.3200131868131867,,,
2024-08-17 05:00:00,14.536325,24.216665,18.8,12.4,0.0,15.861166666666666,93.15,0.5674166666666667,97.19966666666669,917.6913416666666,0.0,0.0,16.0185,15.714833333333331,93.44666666666669,92.86333333333332,,0.3200133866133867,,,
2024-08-17 06:00:00,15.598,24.2,18.8,12.408335,0.0,16.741666666666667,91.9,0.6293333333333333,63.669,917.9263666666668,0.0,0.0,16.887333333333334,16.5895,92.115,91.69666666666669,,0.320346253746254,,,
2024-08-17 07:00:00,15.67709,24.191665,18.808335,12.45833,0.0,16.692,95.47333333333331,1.2773,65.72783333333334,918.2351583333332,17.232933333333335,0.0,16.832166666666666,16.5435,95.64166666666668,95.31,,0.3183484515484516,,,
2024-08-17 08:00:00,17.719215,24.183335,18.808335,12.408335,0.0,18.39783333333333,90.12333333333332,2.223016666666666,101.15816666666666,918.5142516666668,210.85,0.0,18.540166666666668,18.252666666666663,90.34833333333331,89.91333333333334,,0.3206791208791209,,,
2024-08-17 09:00:00,20.97937,24.191665,18.8,12.416665,0.0,21.28383333333333,76.5785,2.52885,131.14,918.38248,413.78333333333336,0.0,21.437833333333334,21.130666666666663,77.016,76.14616666666667,,0.3203464535464533,,,
2024-08-17 10:00:00,24.443725,24.108335,18.8,12.41667,0.0,24.6575,62.92316666666667,3.651216666666667,162.9633333333333,918.1569383333332,595.8016666666666,0.0,24.8265,24.4875,63.582,62.29933333333334,,0.3236761238761242,,,
2024-08-17 11:00:00,26.26585,24.1,18.8,12.4,0.0,26.8305,57.57116666666666,4.222066666666667,163.12833333333336,917.9251666666668,738.935,0.0,26.995833333333334,26.672833333333333,58.20033333333333,56.98683333333334,,0.3246753246753245,,,
2024-08-17 12:00:00,27.805435,24.033335,18.8,12.43333,0.0,28.431,53.751666666666665,4.19355,161.995,917.717635,833.8416666666667,0.0,28.604,28.248833333333334,54.399,53.21583333333333,,0.3260073926073923,,,
2024-08-17 13:00:00,28.899265,23.949995,18.758335,12.433335,0.0,29.9975,48.431,3.2737833333333333,162.21166666666667,917.6809133333334,883.4666666666667,0.0,30.17983333333333,29.819666666666667,49.255833333333335,47.72033333333333,,0.3310023976023978,,,
2024-08-17 14:00:00,29.928785,23.85,18.75833,12.433335,0.0,30.923166666666667,45.895833333333336,3.040016666666667,170.29666666666665,917.3106533333332,875.3666666666667,0.0,31.10033333333333,30.735333333333333,46.641666666666666,45.15416666666667,,0.3349984015984014,,,
2024-08-17 15:00:00,30.53468,23.75,18.716665,12.425,0.0,31.52833333333333,45.79733333333333,3.6648833333333335,173.74333333333334,916.8635916666666,809.8933333333333,0.0,31.702166666666663,31.36916666666667,46.505,45.11633333333334,,0.3409924075924077,,,
2024-08-17 16:00:00,30.663,23.683335,18.716665,12.425,0.0,31.834,47.1955,3.53365,158.67666666666668,916.49208,692.1366666666667,0.0,32.00633333333334,31.67633333333333,47.79583333333333,46.68566666666666,0.0516105547513733,0.3436563436563437,,,
2024-08-17 17:00:00,30.574925,23.6,18.7,12.425,0.0,32.0175,48.57616666666667,3.366616666666667,156.92166666666665,916.233525,480.39166666666665,0.0,32.192166666666665,31.857166666666668,49.05116666666667,48.19083333333333,0.9217155965805472,0.3476523476523476,,,
2024-08-17 18:00:00,29.77533,23.53333,18.691665,12.41667,0.0,31.208,50.179,3.21895,148.3733333333333,916.1392,338.9,0.0,31.365333333333336,31.05883333333333,50.53783333333333,49.86366666666667,,0.3509824175824179,,,
2024-08-17 19:00:00,28.95374,23.5,18.65,12.408335,0.0,30.18933333333333,53.089666666666666,2.5607666666666664,147.02333333333334,916.073795,142.48066666666668,0.0,30.343833333333336,30.035500000000003,53.35783333333333,52.85616666666667,,0.3543122877122875,,,
2024-08-17 20:00:00,26.487245,23.5,18.658335,12.441665,0.0,27.696,61.048,1.5726166666666666,145.55499999999998,916.2295383333332,6.5226500000000005,0.0,27.83716666666667,27.548166666666663,61.238166666666665,60.8785,,0.3526473526473524,,,
2024-08-17 21:00:00,23.65895,23.5,18.7,12.433335,0.0,24.906333333333336,72.31933333333333,0.6636666666666666,72.575,916.6042216666666,0.0,0.0,25.070666666666668,24.751,72.619,72.04050000000001,,0.3513152847152849,,,
2024-08-17 22:00:00,22.04637,23.475,18.691665,12.458335,0.0,23.377,80.45133333333334,0.4234333333333333,76.16516666666666,916.8690416666668,0.0,0.0,23.525,23.229333333333333,80.76533333333333,80.15733333333333,,0.3516483516483515,,,
2024-08-17 23:00:00,21.80418,23.5,18.7,12.41667,0.0,23.87183333333333,75.87233333333333,1.2409666666666666,120.52116666666666,917.081025,0.0,0.0,24.0275,23.71633333333333,76.11416666666668,75.63433333333333,,0.3519812187812188,,,
2024-08-18 00:00:00,20.5913,23.483335,18.7,12.41667,0.0,21.35683333333333,94.03833333333334,0.7200666666666666,75.39633333333333,917.5285116666668,0.0,0.0,21.508333333333333,21.2165,94.23166666666664,93.84833333333331,,0.352647152847153,2.4405019333334885,2.928602320000186,1.2
2024-08-18 01:00:00,20.234235,23.475,18.7,12.408335,0.0,20.630333333333333,96.965,0.6952333333333333,82.58166666666666,917.76664,0.0,0.0,20.772166666666667,20.493166666666664,97.12833333333332,96.80833333333334,,0.3533132867132866,,,
2024-08-18 02:00:00,19.466875,23.475,18.7,12.44167,0.0,19.765833333333333,95.435,0.5156833333333333,67.31649999999999,917.6976466666669,0.0,0.0,19.91033333333333,19.617166666666662,95.615,95.26833333333336,,0.3519812187812188,,,
2024-08-18 03:00:00,18.52965,23.466665,18.7,12.408335,0.0,19.082833333333333,94.73166666666664,0.8085666666666668,79.96983333333333,917.6964233333332,0.0,0.0,19.2255,18.93616666666667,94.90333333333334,94.565,,0.3536463536463539,,,
2024-08-18 04:00:00,18.24535,23.449995,18.7,12.458335,0.0,18.967666666666663,93.93333333333334,0.7070333333333333,108.93666666666668,917.1798233333334,0.0,0.0,19.10333333333333,18.825666666666667,94.1,93.77,,0.3523144855144854,,,
2024-08-18 05:00:00,18.140745000000003,23.41666,18.7,12.466665,0.0,18.866333333333333,93.00833333333334,1.2268666666666663,145.56366666666665,917.4211866666668,0.0,0.0,19.008666666666667,18.7175,93.19166666666666,92.83333333333331,,0.353313686313686,,,
2024-08-18 06:00:00,17.86515,23.416665,18.7,12.4,0.0,18.333166666666667,93.23166666666664,1.7237166666666668,71.5265,917.9464616666668,0.0,0.0,18.477833333333333,18.187166666666663,93.42166666666668,93.05,,0.3559774225774227,,,
2024-08-18 07:00:00,17.938474999999997,23.4,18.7,12.441665,0.0,18.48333333333333,90.845,2.11005,105.315,918.0349983333332,1.4250166666666668,0.0,18.625,18.342666666666663,91.025,90.67833333333331,,0.3549784215784218,,,
2024-08-18 08:00:00,18.820175,23.4,18.7,12.416665,0.0,19.320833333333333,85.51666666666667,2.1647666666666665,108.49283333333332,918.2349933333334,42.634,0.0,19.462,19.176,85.72,85.33166666666666,,0.3559774225774227,,,
2024-08-18 09:00:00,20.14505,23.40833,18.7,12.408335,0.0,20.58216666666667,81.48666666666666,2.349166666666666,120.42333333333332,918.4699683333332,112.21316666666668,0.0,20.72583333333333,20.433333333333334,81.70166666666667,81.28833333333334,,0.3559774225774227,,,
2024-08-18 10:00:00,21.5848,23.375,18.7,12.441665,0.0,21.258,81.48883333333333,2.004766666666667,88.32583333333334,918.9583283333334,117.891,0.0,21.415000000000003,21.102833333333333,81.76416666666667,81.2425,,0.3559774225774227,,,
2024-08-18 11:00:00,21.10209,23.3,18.691665,12.416665,0.0,20.930666666666664,82.23833333333333,2.127666666666667,95.24016666666668,919.342235,182.885,0.0,21.070666666666668,20.78,82.54333333333334,81.96666666666667,,0.3603064935064932,,,
2024-08-18 12:00:00,21.17005,23.3,18.7,12.425,0.0,20.95716666666667,82.54166666666667,1.7281833333333334,111.4755,919.69437,167.6063333333333,0.0,21.109,20.802833333333336,82.83500000000001,82.26833333333335,,0.3596403596403596,,,
2024-08-18 13:00:00,22.0766,23.3,18.691665,12.475,0.0,21.909333333333333,79.30066666666667,2.200683333333333,118.87666666666668,919.5451983333334,329.555,0.0,22.063333333333333,21.7535,79.70133333333334,78.92716666666666,,0.3579754245754245,,,
2024-08-18 14:00:00,23.761025,23.233335,18.691665,12.416665,0.0,23.6465,74.10333333333332,3.3836166666666667,139.415,919.399555,449.0633333333333,0.0,23.797166666666666,23.480666666666664,74.5785,73.695,,0.3629704295704292,,,
2024-08-18 15:00:00,23.5235,23.2,18.683335,12.408335,0.0,23.1385,76.72016666666667,2.2870166666666667,135.96833333333333,919.865965,161.00833333333333,0.0,23.285666666666668,22.98783333333333,77.01050000000001,76.43733333333333,,0.3649682317682317,,,
2024-08-18 16:00:00,24.766655,23.16667,18.7,12.408335,0.0,25.408,66.501,3.1453333333333333,144.32999999999998,919.5105133333332,567.7216666666667,0.0,25.565,25.2485,67.06266666666666,66.011,,0.3656341658341659,,,
2024-08-18 17:00:00,26.758025,23.083335,18.683335,12.46667,0.0,26.82,61.468,3.873833333333333,146.67999999999998,918.8680883333332,499.5183333333333,0.0,26.98633333333333,26.648000000000003,61.945166666666665,61.01033333333333,,0.3672991008991007,,,
2024-08-18 18:00:00,26.3373,23.033335,18.65833,12.44167,0.0,26.46066666666667,62.85333333333333,4.445883333333333,164.35,918.5828,219.38566666666665,0.0,26.617,26.3075,63.11233333333334,62.604,,0.3712953046953046,,,
2024-08-18 19:00:00,24.936305,23.0,18.608335,12.416665,0.0,25.409,64.4605,3.1006,170.02333333333334,918.560815,45.138533333333335,0.0,25.546666666666667,25.272166666666667,64.6735,64.26683333333334,,0.3756243756243755,,,
2024-08-18 20:00:00,23.906875,23.0,18.691665,12.491665,0.0,24.173333333333336,70.38533333333334,1.44855,113.02833333333334,919.4331066666668,0.0,0.0,24.3115,24.03183333333333,70.62583333333333,70.14349999999999,,0.3692975024975026,,,
2024-08-18 21:00:00,21.938365,23.0,18.683335,12.416665,0.0,22.524833333333333,79.48,0.5413666666666667,136.4905,919.70678,0.0,0.0,22.672833333333333,22.378666666666668,79.65650000000001,79.32083333333334,,0.3726273726273725,,,
2024-08-18 22:00:00,20.50505,23.0,18.633335,12.408335,0.0,21.645,80.87866666666667,1.069416666666667,142.76166666666668,919.8799516666666,0.0,0.0,21.78983333333333,21.49116666666667,81.05266666666667,80.70183333333333,,0.3749582417582419,,,
2024-08-18 23:00:00,20.2339,23.0,18.64167,12.44167,0.0,20.797833333333333,81.92283333333333,0.6371333333333333,100.28283333333334,919.866565,0.0,0.0,20.9425,20.655,82.10366666666667,81.74116666666667,,0.3732931068931067,,,
2024-08-19 00:00:00,18.81331,23.0,18.6,12.466665,0.0,19.179166666666667,88.58666666666666,1.2917333333333334,84.87349999999999,920.2567233333334,0.0,0.0,19.3165,19.034333333333333,88.75833333333334,88.40333333333334,,0.3739594405594403,4.158628123767784,4.990353748521341,1.2
2024-08-19 01:00:00,18.240365,23.0,18.61667,12.41667,0.0,18.216833333333334,90.86833333333334,1.7969499999999998,90.99816666666668,920.8225783333334,0.0,0.0,18.359,18.0725,91.04,90.7,,0.3752911088911091,,,
2024-08-19 02:00:00,17.555075,23.0,18.61667,12.441665,0.0,17.729166666666668,91.07166666666669,1.0409666666666666,90.238,921.1736483333332,0.0,0.0,17.87366666666667,17.58583333333333,91.25666666666666,90.91,,0.3742923076923076,,,
2024-08-19 03:00:00,16.72906,23.0,18.683335,12.425,0.0,17.145333333333333,92.665,0.3799666666666666,60.55016666666666,921.2549616666668,0.0,0.0,17.2915,16.996666666666666,92.84,92.47333333333331,,0.3722943056943059,,,
2024-08-19 04:00:00,16.435775,22.98333,18.608335,12.458335,0.0,17.169333333333334,88.47166666666666,0.3461833333333333,93.67566666666669,921.53335,0.0,0.0,17.317999999999998,17.021833333333333,88.66333333333334,88.26833333333335,,0.3746253746253746,,,
2024-08-19 05:00:00,15.154315,23.0,18.658335,12.45,0.0,15.988666666666663,91.78333333333332,0.1791166666666666,82.72949999999999,921.6597783333332,0.0,0.0,16.141000000000002,15.848166666666666,92.025,91.575,,0.3722943056943055,,,
2024-08-19 06:00:00,14.90246,22.941665,18.61667,12.41667,0.0,16.166833333333333,91.51666666666668,0.45345,93.314,921.8288783333334,0.0,0.0,16.307333333333332,16.025666666666666,91.69,91.345,,0.3776221778221779,,,
2024-08-19 07:00:00,15.89944,22.925,18.675,12.45,0.0,17.4115,86.48666666666666,1.5202166666666663,141.63166666666666,922.0100733333334,35.78155,0.0,17.5555,17.264166666666664,86.71166666666666,86.25500000000001,,0.3746253746253746,,,
2024-08-19 08:00:00,18.331345,22.90833,18.641665,12.466665,0.0,18.87033333333333,81.54299999999999,2.4226666666666667,146.2133333333333,922.193365,168.71833333333333,0.0,19.01083333333333,18.71966666666667,81.82183333333334,81.28916666666667,,0.3759576423576425,,,
2024-08-19 09:00:00,19.330775000000003,22.9,18.608335,12.408335,0.0,19.9625,75.84349999999999,2.16605,141.34333333333333,922.5040783333334,229.315,0.0,20.119666666666667,19.80816666666667,76.23216666666667,75.49033333333334,,0.3799532467532466,,,
2024-08-19 10:00:00,22.309155,22.866665,18.616665,12.45,0.0,23.2425,60.022333333333336,3.8088,160.39833333333334,922.5086533333334,592.0816666666667,0.0,23.40483333333333,23.084166666666665,60.578,59.4955,,0.3792875124875124,,,
2024-08-19 11:00:00,24.529265,22.791665,18.633335,12.433335,0.0,24.4905,56.26133333333333,4.364183333333333,163.70333333333335,922.5760416666668,779.2900000000001,0.0,24.662166666666668,24.30583333333333,56.8605,55.61683333333333,,0.3822843156843161,,,
2024-08-19 12:00:00,25.638855,22.708335,18.625,12.441665,0.0,24.807,56.464666666666666,4.515616666666667,165.46666666666667,922.3420283333332,520.2183333333334,0.0,24.978,24.630666666666663,56.93,56.025333333333336,,0.3856143856143854,,,
2024-08-19 13:00:00,24.03969,22.625,18.6,12.491665,0.0,25.14633333333333,57.80833333333333,3.5387833333333334,161.59833333333333,922.1858916666666,405.3283333333333,0.0,25.295666666666666,24.983833333333333,58.28383333333333,57.4115,0.9344338265920848,0.3879454545454548,,,
2024-08-19 14:00:00,26.27771,22.591665,18.6,12.458335,0.0,27.66333333333333,49.20633333333333,3.792383333333333,160.495,921.629725,740.5448979591836,0.0,27.8555,27.473166666666668,49.814166666666665,48.62766666666666,0.2734981511304029,0.3906093906093908,,,
2024-08-19 15:00:00,27.9518,22.50833,18.6,12.466665,0.0,28.48283333333333,46.12433333333333,3.8206166666666665,160.25,921.06795,505.48490566037736,0.0,28.6625,28.303166666666662,46.59333333333333,45.61383333333333,,0.3936065934065932,,,
2024-08-19 16:00:00,27.69185,22.425,18.591665,12.45833,0.0,29.39133333333333,43.38433333333333,4.34415,162.72,920.4082233333334,660.76,0.0,29.562166666666663,29.20733333333333,43.8415,42.93416666666667,1.045565567972929,0.3976025974025977,,,
2024-08-19 17:00:00,28.375855,22.358335,18.525,12.408335,0.0,29.38733333333333,44.061166666666665,4.2222333333333335,171.30833333333334,920.2267733333332,464.56166666666667,0.0,29.567,29.21183333333333,44.45216666666667,43.716166666666666,0.7745571791788368,0.4049282717282715,,,
2024-08-19 18:00:00,26.87156,22.3,18.558335,12.458335,0.0,28.514,48.98266666666667,3.46615,154.345,920.1861166666666,268.25166666666667,0.0,28.666666666666668,28.34916666666667,49.2845,48.69716666666667,,0.4039292707292706,,,
2024-08-19 19:00:00,25.497,22.3,18.516665,12.441665,0.0,26.520333333333333,57.6705,2.127483333333333,131.04016666666666,920.168795,55.054883333333336,0.0,26.6755,26.3795,57.892500000000005,57.45766666666667,,0.4062605394605394,,,
2024-08-19 20:00:00,22.524275,22.3,18.51667,12.5,0.0,24.0175,67.51816666666667,1.2689833333333334,115.554,920.8607433333332,0.0,0.0,24.16,23.865,67.68333333333334,67.37133333333333,,0.4039292707292706,,,
2024-08-19 21:00:00,21.58769,22.3,18.558335,12.45,0.0,23.083,69.71366666666667,1.2337166666666666,140.50833333333333,921.2238516666667,0.0,0.0,23.221833333333333,22.93583333333333,69.889,69.56233333333333,,0.4042623376623373,,,
2024-08-19 22:00:00,21.402215,22.3,18.516665,12.475,0.0,22.689,69.07816666666666,2.24075,138.42166666666665,921.227,0.0,0.0,22.829666666666665,22.54,69.256,68.91766666666668,,0.4049284715284716,,,
2024-08-19 23:00:00,21.389850000000003,22.40833,18.65,12.5,0.0,22.514166666666664,68.77216666666666,2.7313,140.58583333333334,921.5718,0.0,0.0,22.651166666666665,22.36683333333333,68.93383333333333,68.61933333333333,,0.3942725274725274,,,
2024-08-20 00:00:00,21.294725,22.308335,18.6,12.483335,0.0,21.909,72.12633333333333,4.0838,151.77833333333334,921.22082,0.0,0.0,22.059833333333334,21.75633333333333,72.30933333333334,71.95416666666667,,0.4009322677322677,5.680412862177496,6.816495434612995,1.2
2024-08-20 01:00:00,20.933815000000003,22.3,18.6,12.46667,0.0,21.5485,73.021,4.248766666666667,156.49333333333334,920.9969266666668,0.0,0.0,21.695,21.399166666666662,73.183,72.87933333333334,,0.4019312687312685,,,
2024-08-20 02:00:00,19.828535,22.3,18.591665,12.45,0.0,20.855666666666664,74.85983333333334,3.4734,156.835,921.0003183333332,0.0,0.0,20.997166666666665,20.709666666666667,75.023,74.70483333333333,,0.4029304695304698,,,
2024-08-20 03:00:00,19.058575,22.3,18.6,12.491665,0.0,20.37983333333333,77.09750000000001,2.81015,157.19166666666666,921.0147133333334,0.0,0.0,20.51533333333333,20.241666666666667,77.25966666666666,76.95983333333334,,0.4009324675324677,,,
2024-08-20 04:00:00,19.488875,22.291665,18.6,12.45833,0.0,20.136333333333333,79.3445,3.0839,155.86666666666667,920.60325,0.0,0.0,20.290333333333333,19.986666666666668,79.53766666666667,79.18900000000001,,0.4025976023976025,,,
2024-08-20 05:00:00,19.55076,22.3,18.591665,12.425,0.0,20.24083333333333,80.15283333333333,3.297233333333333,157.53333333333333,920.570135,0.0,0.0,20.37816666666667,20.090666666666667,80.30466666666666,79.9925,,0.4039294705294707,,,
2024-08-20 06:00:00,19.77494,22.3,18.6,12.441665,0.0,20.025,81.81,3.1354166666666665,158.14166666666668,920.5953833333332,0.0,0.0,20.170166666666667,19.87633333333333,81.97333333333333,81.65166666666667,,0.4029304695304694,,,
2024-08-20 07:00:00,18.9349,22.266665,18.525,12.458335,0.0,19.318,86.14,4.004466666666667,160.2483333333333,920.4652383333332,14.024916666666666,0.0,19.467666666666663,19.176166666666667,86.32333333333332,85.97666666666667,,0.4065934065934067,,,
2024-08-20 08:00:00,19.295165,22.26666,18.575000000000003,12.45833,0.0,20.213833333333334,82.46816666666668,4.811533333333333,160.69500000000002,920.0576316666668,200.04,0.0,20.36116666666667,20.06066666666667,82.6945,82.25816666666667,,0.404595804195804,,,
2024-08-20 09:00:00,21.40426,22.216665,18.541665,12.458335,0.0,21.953333333333333,74.4015,5.598833333333333,167.29666666666665,920.188045,399.51,0.0,22.110666666666667,21.796333333333333,74.6945,74.10716666666667,,0.4079254745254746,,,
2024-08-20 10:00:00,22.86024,22.2,18.575,12.45833,0.0,23.796333333333333,67.69333333333333,5.1594500000000005,175.33333333333334,919.9908883333334,536.9833333333333,0.0,23.96066666666667,23.6365,68.09433333333332,67.31183333333334,,0.4072595404595403,,,
2024-08-20 11:00:00,25.4616,22.108335,18.516665,12.45833,0.0,25.896,62.07416666666666,5.497216666666668,175.85333333333335,919.571705,724.965,0.0,26.061333333333334,25.740666666666662,62.53266666666666,61.66516666666666,,0.4132535464535463,,,
2024-08-20 12:00:00,26.607965,22.049995000000003,18.508335,12.458335,0.0,27.51183333333333,58.6315,5.165983333333333,181.51166666666668,919.1828466666668,794.2066666666667,0.0,27.676666666666662,27.326666666666664,59.15333333333333,58.08716666666667,0.0405608303041018,0.4159174825174827,,,
2024-08-20 13:00:00,28.002655,22.0,18.5,12.458335,0.0,29.138,54.83766666666667,4.455916666666667,176.16833333333335,918.7025366666666,773.435,0.0,29.34133333333333,28.94683333333333,55.397666666666666,54.33866666666667,0.1581422192258163,0.4182483516483518,,,
2024-08-20 14:00:00,29.57232,21.975,18.5,12.491665,0.0,30.685166666666664,51.31466666666667,5.1319,171.70666666666665,917.9192483333334,847.4233333333334,0.0,30.8565,30.51083333333333,51.82866666666666,50.84883333333333,0.1733898202711837,0.4179154845154845,,,
2024-08-20 15:00:00,30.556585,21.90833,18.491665,12.475,0.0,31.593166666666665,49.0825,5.268616666666667,178.40333333333334,917.3898216666668,750.7366666666666,0.0,31.776333333333334,31.425,49.55366666666667,48.617333333333335,0.2788475755250662,0.4215786213786214,,,
2024-08-20 16:00:00,31.000185,21.866665,18.491665,12.475,0.0,32.21,48.38183333333333,5.0846,175.57833333333335,916.73821,664.7133333333334,0.0,32.37616666666666,32.03783333333333,48.81166666666666,48.0125,0.6691151252926122,0.4232435564435565,,,
2024-08-20 17:00:00,30.67201,21.8,18.433335,12.475,0.0,32.3285,48.71133333333333,4.838333333333334,176.34333333333333,916.3753283333334,510.00166666666667,0.0,32.48983333333334,32.16066666666667,49.03666666666666,48.397000000000006,,0.4282383616383613,,,
2024-08-20 18:00:00,29.88729,21.791665,18.408335,12.491665,0.0,31.939,49.60916666666667,4.153316666666667,170.30666666666667,916.4500283333332,323.51166666666666,0.0,32.089166666666664,31.781,49.8785,49.34616666666667,,0.4289044955044956,,,
2024-08-20 19:00:00,28.488645,21.774995,18.408335,12.48333,0.0,30.35333333333333,54.22866666666666,3.625516666666667,157.64,916.5582683333332,126.58366666666666,0.0,30.507166666666667,30.203,54.42916666666667,54.04966666666667,,0.4299036963036965,,,
2024-08-20 20:00:00,26.24805,21.78333,18.441665,12.491665,0.0,27.948666666666668,62.0005,2.7981,150.71,917.0069183333331,5.192083333333333,0.0,28.086666666666662,27.8035,62.17333333333333,61.865,,0.4279056943056941,,,
2024-08-20 21:00:00,24.339085,21.71667,18.475,12.475,0.0,26.18733333333333,67.5975,2.9920666666666667,152.15,917.4069416666666,0.0,0.0,26.327,26.039166666666667,67.75183333333334,67.446,,0.4299032967032964,,,
2024-08-20 22:00:00,23.9911,21.766665,18.425,12.44167,0.0,25.59283333333333,69.23333333333333,4.115983333333333,158.18666666666667,917.9233316666666,0.0,0.0,25.732333333333333,25.433666666666667,69.41216666666666,69.08500000000001,,0.4312353646353646,,,
2024-08-20 23:00:00,23.43259,21.76666,18.475,12.491665,0.0,24.679166666666667,72.90483333333333,4.197866666666667,157.44833333333332,918.1094816666666,0.0,0.0,24.824166666666667,24.526,73.0725,72.75166666666668,,0.4272397602397604,,,
2024-08-21 00:00:00,22.63547,21.708335,18.475,12.483335,0.0,23.555666666666664,77.83733333333333,4.4363166666666665,160.72,918.28138,0.0,0.0,23.7095,23.40583333333333,77.99783333333333,77.682,,0.4299032967032964,5.24200382511502,6.290404590138024,1.2
2024-08-21 01:00:00,21.704835000000003,21.733335,18.466665,12.466665,0.0,22.549666666666667,80.905,5.100333333333333,168.9983333333333,918.6242366666668,0.0,0.0,22.70083333333333,22.404666666666667,81.06333333333333,80.75833333333334,,0.4299034965034964,,,
2024-08-21 02:00:00,21.371775,21.73333,18.44167,12.491665,0.0,21.974,82.46333333333334,5.362633333333333,176.04833333333332,918.28563,0.0,0.0,22.114,21.819166666666668,82.63333333333334,82.30833333333334,,0.4299034965034968,,,
2024-08-21 03:00:00,20.539325,21.725,18.408335,12.458335,0.0,21.197666666666667,85.21833333333333,5.363966666666666,180.38666666666668,918.2022316666666,0.0,0.0,21.33033333333333,21.04416666666667,85.40166666666667,85.05166666666668,,0.4329002997002998,,,
2024-08-21 04:00:00,19.730275,21.733335,18.425,12.46667,0.0,20.51483333333333,87.01166666666667,2.834966666666667,154.8375,918.367085,0.0,0.0,20.656166666666664,20.36466666666667,87.19,86.83333333333333,,0.4315682317682316,,,
2024-08-21 05:00:00,18.61071,21.7,18.45,12.48333,0.0,19.80816666666667,89.46333333333334,3.085833333333333,166.15,918.32811,0.0,0.0,19.954166666666666,19.65666666666667,89.61999999999999,89.3,,0.4312355644355643,,,
2024-08-21 06:00:00,18.37472,21.7,18.425,12.475,0.0,19.002333333333336,91.59666666666666,3.178533333333333,162.05499999999998,918.4081216666668,0.0,0.0,19.151666666666664,18.860166666666665,91.77666666666669,91.42666666666668,,0.4325674325674325,,,
2024-08-21 07:00:00,17.639699999999998,21.7,18.491665,12.475,0.0,18.6485,92.56666666666666,2.8374333333333337,157.1,918.54591,14.648,0.0,18.794500000000003,18.50316666666667,92.73,92.39833333333333,,0.4299034965034964,,,
2024-08-21 08:00:00,18.948410000000003,21.7,18.45833,12.5,0.0,19.806,88.16166666666666,5.8994333333333335,181.31333333333333,918.8158433333334,206.04166666666663,0.0,19.95983333333333,19.655666666666665,88.38333333333334,87.94333333333334,,0.4302365634365634,,,
2024-08-21 09:00:00,21.386275,21.691665,18.483335,12.466665,0.0,21.828166666666668,81.16216666666666,6.2261500000000005,185.38333333333333,918.6465766666666,401.78333333333336,0.0,21.991666666666667,21.663666666666664,81.4875,80.8215,,0.4309024975024974,,,
2024-08-21 10:00:00,24.057075,21.61667,18.458335,12.466665,0.0,24.312166666666663,72.90783333333334,4.372566666666667,173.56333333333333,918.8749266666669,575.7800000000001,0.0,24.471666666666668,24.15233333333333,73.32283333333334,72.519,,0.4348983016983019,,,
2024-08-21 11:00:00,26.274395,21.6,18.433335,12.48333,0.0,26.434833333333334,66.964,3.627633333333333,175.30499999999998,918.7636216666668,696.3066666666667,0.0,26.6165,26.252166666666668,67.56233333333334,66.334,,0.4358975024975021,,,
2024-08-21 12:00:00,27.754805,21.53333,18.441665,12.491665,0.0,28.299166666666668,61.7775,4.689116666666666,171.725,918.344135,815.1133333333333,0.0,28.466,28.129,62.283166666666666,61.318,,0.4378957042957043,,,
2024-08-21 13:00:00,29.54735,21.48333,18.441665,12.491665,0.0,29.977500000000003,56.54733333333333,5.3512,171.735,917.9724866666668,855.4833333333333,0.0,30.1555,29.799666666666667,57.04183333333334,56.055,,0.4398937062937067,,,
2024-08-21 14:00:00,29.124625,21.449995,18.416665,12.483335,0.0,29.815166666666663,56.502833333333335,5.297633333333334,158.10166666666666,917.5602316666666,587.2366666666666,0.0,29.98,29.652833333333334,56.88316666666666,56.13633333333333,0.1263469190661129,0.4425576423576428,,,
2024-08-21 15:00:00,28.83405,21.4,18.4,12.491665,0.0,30.891,53.12,5.769433333333334,159.37,916.89249,759.6516666666666,0.0,31.069333333333336,30.718,53.52833333333333,52.739,1.822045772279465,0.4448885114885115,,,
2024-08-21 16:00:00,30.281075,21.333335,18.391665,12.475,0.0,31.252666666666663,51.99533333333333,6.17255,165.06333333333333,916.362235,624.9283333333333,0.0,31.4165,31.09466666666667,52.351,51.6545,0.7562357229509516,0.4485514485514484,,,
2024-08-21 17:00:00,29.8248,21.3,18.391665,12.5,0.0,31.306,52.54633333333334,5.841883333333333,160.50833333333333,916.1054316666668,478.7183333333333,0.0,31.46783333333333,31.1495,52.86133333333333,52.256166666666665,,0.4488845154845157,,,
2024-08-21 18:00:00,29.01565,21.275,18.366665,12.5,0.0,30.0765,54.86300000000001,6.203550000000001,159.87166666666664,915.6169466666666,197.92,0.0,30.2395,29.930166666666665,55.08466666666666,54.659666666666666,,0.4508825174825174,,,
2024-08-21 19:00:00,27.056345,21.25833,18.375,12.5,0.0,28.38433333333333,60.95216666666667,4.4995666666666665,158.47,915.47134,53.62283333333333,0.0,28.528666666666663,28.239166666666662,61.117,60.8205,,0.4512155844155844,,,
2024-08-21 20:00:00,25.589805,21.275,18.341665,12.491665,0.0,27.1505,64.284,3.3904666666666667,154.91833333333335,915.8958683333332,0.4882833333333333,0.0,27.29083333333333,27.003833333333333,64.44149999999999,64.14766666666667,,0.4522145854145856,,,
2024-08-21 21:00:00,24.533925,21.275,18.4,12.5,0.0,26.17683333333333,68.30816666666666,4.028133333333333,158.9983333333333,915.8821966666668,0.0,0.0,26.31233333333333,26.03633333333333,68.4625,68.172,,0.4495504495504499,,,
2024-08-21 22:00:00,24.529925,21.3,18.38333,12.5,0.0,25.709166666666665,69.72616666666666,4.959683333333333,161.745,916.5872316666666,0.0,0.0,25.85933333333333,25.563333333333333,69.88850000000001,69.59033333333333,,0.4492175824175827,,,
2024-08-21 23:00:00,24.14816,21.3,18.35833,12.491665,0.0,24.88566666666667,72.67683333333333,3.1934166666666663,150.11,916.8500733333332,0.0,0.0,25.026166666666665,24.7365,72.82616666666667,72.52816666666666,,0.4505496503496505,,,
2024-08-22 00:00:00,23.4432,21.283335,18.333335,12.491665,0.0,24.30933333333333,74.45383333333332,1.66445,174.47,918.2759883333332,0.0,0.0,24.46066666666667,24.1675,74.64383333333333,74.26616666666668,,0.452214385614386,3.2726746332329086,3.9272095598794903,1.2
2024-08-22 01:00:00,20.494305,21.29167,18.375,12.49167,0.0,19.224,90.6585,3.3484166666666666,282.65,919.973555,0.0,0.2709333333333333,19.392,19.05816666666667,91.0475,90.3155,,0.4502161838161841,,,
2024-08-22 02:00:00,17.967640000000003,23.38333,18.475,12.508335,0.0,18.16183333333333,95.09,1.7003333333333333,141.20416666666668,918.299825,0.0,0.0169333333333333,18.3045,18.016,95.26333333333334,94.90833333333332,,0.3619714285714284,,,
2024-08-22 03:00:00,17.924685,24.866665,18.4,12.5,0.0,18.69516666666667,90.40166666666669,1.6419833333333334,143.75983333333335,917.1105516666668,0.0,0.0084666666666666,18.848666666666663,18.541166666666665,90.68833333333332,90.11833333333334,,0.3060273726273726,,,
2024-08-22 04:00:00,17.925075,24.975,18.4,12.5,0.0,18.840666666666667,90.96666666666668,0.77825,113.15453333333332,917.3214533333334,0.0,0.0,18.982666666666667,18.691666666666663,91.23166666666664,90.685,,0.3016983016983014,,,
2024-08-22 05:00:00,17.82542,25.0,18.4,12.5,0.0,18.71216666666667,92.84166666666668,2.0826,152.915,917.3965566666666,0.0,0.0,18.84633333333333,18.559166666666663,93.02166666666668,92.68,,0.3006993006993008,,,
2024-08-22 06:00:00,17.87614,25.0,18.408335,12.475,0.0,18.443166666666663,93.91,3.24375,159.98833333333332,917.1027516666668,0.0,0.0,18.594833333333334,18.291,94.09833333333331,93.74666666666668,,0.3013652347652347,,,
2024-08-22 07:00:00,17.591015,25.0,18.408335,12.491665,0.0,18.253,94.69166666666666,1.4066166666666668,138.22458333333333,917.4406333333334,6.084316666666666,0.0,18.3915,18.108,94.85833333333332,94.515,,0.3006993006993008,,,
2024-08-22 08:00:00,,,,,,19.807666666666663,88.29333333333334,2.4690333333333334,170.95166666666668,917.7083183333332,153.5325,0.0,19.956,19.655,88.67666666666668,87.95166666666667,,,,,
2024-08-22 09:00:00,,,,,,21.752,77.62650000000001,3.8768,176.52,917.74792,385.9,0.0,21.909666666666663,21.60183333333333,78.24016666666667,77.03966666666666,,,,,
2024-08-22 10:00:00,,,,,,24.02133333333333,71.06833333333334,5.63745,192.41,917.430855,563.24,0.0,24.1735,23.860166666666665,71.59033333333333,70.54683333333334,,,,,
2024-08-22 11:00:00,,,,,,25.527,68.14033333333333,5.587083333333334,202.695,917.2519783333332,706.2066666666667,0.0,25.682166666666667,25.354333333333333,68.83366666666666,67.47966666666667,,,,,
2024-08-22 12:00:00,,,,,,24.627,70.97116666666668,3.51745,206.025,917.649765,343.095,0.0,24.784166666666668,24.46733333333333,71.60650000000001,70.31916666666666,,,,,
2024-08-22 13:00:00,,,,,,24.619666666666667,71.19383333333333,2.67075,209.31166666666667,917.6594066666668,314.675,0.0,24.76983333333333,24.469,71.81766666666667,70.67983333333333,,,,,
2024-08-22 14:00:00,,,,,,25.34933333333333,68.968,2.27855,201.13666666666668,917.60246,418.6616666666667,0.0,25.492166666666662,25.1975,69.753,68.24366666666667,,,,,
2024-08-22 15:00:00,,,,,,25.7535,66.85916666666667,1.7041,157.09666666666666,917.17058,336.77000000000004,0.0,25.9035,25.602166666666665,67.58533333333334,66.17866666666666,,,,,
2024-08-22 16:00:00,,,,,,26.33783333333333,64.905,1.8888833333333328,164.92999999999998,917.0909433333331,410.575,0.0,26.4875,26.191333333333333,65.77416666666666,64.10466666666667,,,,,
2024-08-22 17:00:00,,,,,,26.575666666666667,65.10016666666667,2.1384,140.91333333333333,916.890395,423.1333333333333,0.0,26.724833333333333,26.415166666666668,65.83183333333334,64.43066666666667,,,,,
2024-08-22 18:00:00,,,,,,25.736,67.763,1.8553333333333333,123.035,916.79213,230.45666666666665,0.0,25.891166666666667,25.5945,68.2505,67.29533333333333,,,,,
2024-08-22 19:00:00,,,,,,24.598166666666664,72.62316666666668,1.4573833333333333,117.4,916.575325,68.611,0.0,24.751,24.4555,72.87650000000001,72.35650000000001,,,,,
2024-08-22 20:00:00,,,,,,22.968833333333333,80.67416666666666,0.9519666666666668,109.5545,916.917215,1.9979166666666663,0.0,23.113,22.816166666666668,80.857,80.50383333333333,,,,,
2024-08-22 21:00:00,,,,,,21.81566666666667,89.11,0.8481833333333333,99.57183333333334,917.55682,0.0,0.0,21.948,21.66783333333333,89.28166666666667,88.94666666666667,,,,,
2024-08-22 22:00:00,,,,,,22.12983333333333,88.26666666666667,1.14805,124.361,918.1386866666668,0.0,0.0,22.27683333333333,21.979666666666667,88.44,88.105,,,,,
2024-08-22 23:00:00,,,,,,21.694333333333336,88.36999999999999,1.4329500000000002,143.09,918.5320266666666,0.0,0.0084666666666666,21.834166666666665,21.55133333333333,88.58833333333334,88.17,,,,,
2024-08-23 00:00:00,,,,,,20.894333333333336,90.07166666666667,1.3293833333333334,151.17999999999998,919.108385,0.0,0.0084666666666666,21.03533333333333,20.748833333333334,90.32,89.81666666666666,,,3.7798060059164182,4.535767207099702,1.2
2024-08-23 01:00:00,,,,,,20.515833333333333,91.38,1.1294,184.73,918.4082033333332,0.0,0.0084666666666666,20.659333333333333,20.37483333333333,91.57833333333332,91.185,,,,,
2024-08-23 02:00:00,,,,,,20.123833333333334,91.39,2.916033333333333,168.355,917.309885,0.0,0.0,20.2695,19.974833333333333,91.57333333333332,91.225,,,,,
2024-08-23 03:00:00,,,,,,19.899,90.52333333333333,2.7113666666666663,160.27166666666665,916.7593316666666,0.0,0.0,20.043166666666664,19.747,90.695,90.32333333333332,,,,,
2024-08-23 04:00:00,,,,,,19.35233333333333,92.27666666666669,1.0439333333333334,159.66846666666666,917.4177066666668,0.0,0.0,19.488333333333333,19.202,92.47333333333331,92.09333333333332,,,,,
2024-08-23 05:00:00,,,,,,18.411166666666663,95.465,0.2102833333333333,26.29083333333333,917.0455116666668,0.0,0.0,18.546333333333333,18.26183333333333,95.64333333333336,95.27666666666669,,,,,
2024-08-23 06:00:00,,,,,,17.750166666666665,97.34333333333332,0.1212833333333333,29.98983333333333,917.260845,0.0,0.0,17.893666666666665,17.599666666666668,97.51,97.16833333333334,,,,,
2024-08-23 07:00:00,,,,,,17.819666666666667,97.695,0.4031833333333333,105.247,917.87973,19.2385,0.0,17.963833333333334,17.666833333333333,97.87833333333332,97.51833333333336,,,,,
2024-08-23 08:00:00,,,,,,19.0775,94.92833333333331,1.4979333333333331,124.343,918.04599,137.93633333333335,0.0,19.218166666666665,18.931,95.13666666666668,94.71666666666668,,,,,
2024-08-23 09:00:00,,,,,,21.02833333333333,87.24600000000001,4.164483333333333,186.5833333333333,918.364475,374.1016666666666,0.0,21.17483333333333,20.874166666666667,87.69833333333332,86.83,,,,,
2024-08-23 10:00:00,,,,,,22.966,77.95966666666666,4.3752,183.5433333333333,918.3774916666666,487.8416666666666,0.0,23.115666666666662,22.799666666666667,78.60183333333333,77.31516666666667,,,,,
2024-08-23 11:00:00,,,,,,25.519,65.81933333333333,4.01395,196.4633333333333,918.2405433333332,641.7766666666666,0.0,25.689166666666665,25.35383333333333,66.813,64.84533333333334,,,,,
2024-08-23 12:00:00,,,,,,26.438,63.656,5.215216666666667,187.9,917.7503216666668,793.965,0.0,26.595666666666663,26.27583333333333,64.44583333333334,62.9805,,,,,
2024-08-23 13:00:00,,,,,,27.176666666666662,62.56283333333333,4.608433333333334,179.16666666666666,917.2635666666666,857.565,0.0,27.338833333333334,27.003666666666668,63.4475,61.6905,,,,,
2024-08-23 14:00:00,,,,,,27.605166666666666,62.26033333333333,3.9799833333333337,176.57666666666668,916.8260916666666,828.765,0.0,27.76083333333333,27.436833333333333,63.304,61.281,,,,,
2024-08-23 15:00:00,,,,,,27.117166666666662,64.2975,3.957366666666666,164.04666666666665,916.5689816666668,591.7016666666666,0.0,27.28783333333333,26.938666666666663,65.22200000000001,63.544,,,,,
2024-08-23 16:00:00,,,,,,25.937166666666663,68.76233333333333,4.089533333333334,167.11333333333332,916.274035,248.7133333333333,0.0,26.082666666666668,25.794666666666668,69.19366666666666,68.32016666666667,,,,,
2024-08-23 17:00:00,,,,,,25.85633333333333,69.584,3.530466666666667,164.71666666666667,916.0493533333332,170.94833333333332,0.0,25.998,25.71433333333333,70.00833333333334,69.18350000000001,,,,,
2024-08-23 18:00:00,,,,,,25.67833333333333,69.39433333333334,3.5161666666666664,158.69833333333332,915.52611,75.79783333333333,0.0,25.82033333333333,25.54233333333333,69.6845,69.11283333333333,,,,,
2024-08-23 19:00:00,,,,,,25.294500000000003,71.71066666666667,3.30725,168.98,915.1696266666668,82.51320000000001,0.0,25.44933333333333,25.145,71.98283333333333,71.462,,,,,
2024-08-23 20:00:00,,,,,,24.41166666666667,76.2035,2.30835,158.57000000000002,915.886205,0.0,0.0,24.560166666666667,24.2615,76.3985,76.02816666666666,,,,,
2024-08-23 21:00:00,,,,,,23.923,78.95916666666668,1.9631833333333333,154.6,916.4335083333332,0.0,0.0,24.062,23.7735,79.1465,78.78516666666665,,,,,
2024-08-23 22:00:00,,,,,,23.521166666666662,82.13550000000001,1.963,205.26166666666668,918.0201783333334,0.0,0.0,23.6625,23.36616666666667,82.33266666666667,81.96849999999999,,,,,
2024-08-23 23:00:00,,,,,,22.70583333333333,86.645,3.9313833333333337,169.23,916.60111,0.0,0.0,22.859,22.5575,86.84666666666666,86.46666666666667,,,,,
2024-08-24 00:00:00,,,,,,22.157666666666668,88.14,5.591616666666667,163.88500000000002,915.7193666666666,0.0,0.0,22.315166666666663,22.007166666666667,88.32166666666667,87.96166666666666,,,3.953487570240605,4.744185084288726,1.2
2024-08-24 01:00:00,,,,,,21.497333333333334,91.61,3.374316666666666,166.06166666666667,916.1011383333332,0.0,0.0,21.643500000000003,21.35083333333333,91.78333333333332,91.44666666666669,,,,,
2024-08-24 02:00:00,,,,,,21.255,91.29833333333332,2.4787666666666666,155.9983333333333,915.77077,0.0,0.0,21.402,21.10183333333333,91.47,91.14333333333336,,,,,
2024-08-24 03:00:00,,,,,,20.4925,93.30166666666668,0.4992,82.0075,915.62576,0.0,0.0,20.643166666666666,20.33716666666667,93.50666666666666,93.10333333333332,,,,,
2024-08-24 04:00:00,,,,,,20.379,93.16166666666666,1.6457833333333334,155.30833333333334,915.2064683333332,0.0,0.0,20.520333333333333,20.232333333333333,93.34,92.98333333333332,,,,,
2024-08-24 05:00:00,,,,,,20.296166666666668,93.70333333333332,2.2069666666666667,163.45,914.7934,0.0,0.0,20.4335,20.148166666666665,93.87666666666668,93.52333333333333,,,,,
2024-08-24 06:00:00,,,,,,19.78483333333333,94.8,0.42265,153.40916666666666,915.379625,0.0,0.0,19.92833333333333,19.630166666666664,95.02166666666668,94.57833333333332,,,,,
2024-08-24 07:00:00,,,,,,18.7825,97.62333333333332,0.1147666666666666,32.01316666666666,915.8761916666666,18.92455,0.0,18.93166666666667,18.62483333333333,97.79666666666668,97.45333333333332,,,,,
2024-08-24 08:00:00,,,,,,19.937166666666663,97.68666666666668,0.52935,150.85,916.2257666666668,49.868,0.0,20.090666666666667,19.788166666666665,97.86166666666666,97.52166666666668,,,,,
2024-08-24 09:00:00,,,,,,20.706666666666667,95.92,1.8699,225.22333333333333,916.3765316666668,81.181,0.0,20.853166666666667,20.562166666666663,96.10833333333332,95.74666666666668,,,,,
2024-08-24 10:00:00,,,,,,21.880166666666664,90.18833333333332,1.700516666666667,259.685,916.1075733333332,208.92666666666668,0.0,22.030166666666663,21.720166666666668,90.595,89.78333333333333,,,,,
2024-08-24 11:00:00,,,,,,24.0945,81.4755,2.32005,291.565,915.640515,611.7233333333334,0.0,24.260166666666667,23.94233333333333,82.28033333333333,80.7075,,,,,
2024-08-24 12:00:00,,,,,,26.3715,74.6725,1.6787999999999998,288.49348333333336,915.4692733333334,782.4483333333334,0.0,26.536,26.19633333333333,75.61833333333334,73.67966666666666,,,,,
2024-08-24 13:00:00,,,,,,28.7035,68.20316666666666,1.07225,180.76026666666667,915.155785,822.45,0.0,28.85983333333333,28.545166666666667,69.2805,67.09866666666667,,,,,
2024-08-24 14:00:00,,,,,,30.892,54.073,0.8179833333333334,135.58215,914.934595,815.5916666666667,0.0,31.050833333333333,30.74333333333333,55.26266666666667,52.91833333333333,,,,,
2024-08-24 15:00:00,,,,,,31.33333333333333,56.36216666666667,2.0538833333333333,80.15583333333333,914.8385183333334,716.1216666666667,0.0,31.491,31.18383333333333,57.57566666666666,55.22766666666666,,,,,
2024-08-24 16:00:00,,,,,,30.82033333333333,65.3025,2.1331166666666665,71.70616666666666,914.4563283333332,564.7433333333333,0.0,30.982166666666668,30.6755,66.28116666666666,64.451,,,,,
2024-08-24 17:00:00,,,,,,31.209,62.224833333333336,2.3031833333333336,118.46066666666668,914.27755,462.3183333333333,0.0,31.371666666666663,31.056166666666662,63.061,61.45133333333333,,,,,
2024-08-24 18:00:00,,,,,,30.72883333333333,60.93366666666667,2.8274666666666666,161.10833333333332,914.262125,242.26666666666668,0.0,30.88583333333333,30.566666666666663,61.524166666666666,60.436,,,,,
2024-08-24 19:00:00,,,,,,29.4935,66.50183333333334,3.1849333333333334,166.925,914.1217483333334,126.64983333333332,0.0,29.637666666666668,29.33683333333333,66.7885,66.2295,,,,,
2024-08-24 20:00:00,,,,,,26.61466666666667,78.328,2.483566666666667,165.00666666666666,914.281285,2.4454333333333333,0.0,26.750666666666667,26.461666666666662,78.51766666666667,78.166,,,,,
2024-08-24 21:00:00,,,,,,24.6935,86.35666666666665,2.48915,169.80833333333334,914.6853383333332,0.0,0.0,24.841666666666665,24.54416666666667,86.55166666666668,86.19666666666667,,,,,
2024-08-24 22:00:00,,,,,,23.7985,89.48,2.1169,173.23833333333332,914.8022216666668,0.0,0.0,23.943,23.640666666666668,89.67333333333333,89.3,,,,,
2024-08-24 23:00:00,,,,,,24.19983333333333,88.36833333333334,3.99325,182.03166666666667,915.0528516666668,0.0,0.0,24.351,24.0435,88.555,88.18,,,,,
2024-08-25 00:00:00,,,,,,23.87183333333333,90.195,3.372783333333333,184.4116666666667,915.1291083333332,0.0,0.0,24.02533333333333,23.718666666666664,90.40833333333332,89.99666666666667,,,5.224965167150217,6.269958200580261,1.2
2024-08-25 01:00:00,,,,,,23.70716666666667,88.93833333333333,1.831683333333333,159.17183333333332,914.76248,0.0,0.0,23.8445,23.554666666666662,89.11,88.75166666666668,,,,,
2024-08-25 02:00:00,,,,,,21.841833333333334,94.75333333333332,0.6902833333333334,77.453,914.3962666666666,0.0,0.0,21.988,21.692166666666665,94.99333333333334,94.54,,,,,
2024-08-25 03:00:00,,,,,,19.84783333333333,96.95666666666666,0.2153,51.488166666666665,914.2842566666666,0.0,0.0,19.99983333333333,19.693,97.16166666666666,96.76666666666668,,,,,
2024-08-25 04:00:00,,,,,,19.68166666666667,98.595,0.5102666666666666,134.77833333333334,914.809975,0.0,0.0,19.84083333333333,19.52533333333333,98.78333333333332,98.43666666666668,,,,,
2024-08-25 05:00:00,,,,,,18.91133333333333,98.87666666666668,0.7478,172.44333333333333,915.0645566666666,0.0,0.0,19.058666666666667,18.7575,99.05166666666668,98.71,,,,,
2024-08-25 06:00:00,,,,,,19.276666666666664,99.125,0.9400166666666666,155.415,915.3620983333332,0.0,0.0,19.425166666666662,19.1285,99.28166666666668,98.96166666666666,,,,,
2024-08-25 07:00:00,,,,,,20.1475,98.75833333333334,0.7895166666666668,135.64116666666666,915.815135,25.84235,0.0,20.3,19.99633333333333,98.91166666666666,98.59833333333331,,,,,
2024-08-25 08:00:00,,,,,,23.63883333333333,90.80566666666668,0.7671666666666667,164.53833333333333,916.2103433333334,218.3973333333333,0.0,23.787166666666668,23.48116666666667,91.29933333333334,90.375,,,,,
2024-08-25 09:00:00,,,,,,26.42533333333333,72.65716666666667,1.3856499999999998,204.4533333333333,916.5591466666666,366.12983333333335,0.0,26.569000000000003,26.2735,73.73333333333333,71.60766666666667,,,,,
2024-08-25 10:00:00,,,,,,28.8835,56.16033333333333,2.0189666666666666,220.255,916.8099783333332,537.4616666666667,0.0,29.034333333333333,28.727833333333333,57.15916666666667,55.29416666666667,,,,,
2024-08-25 11:00:00,,,,,,31.22833333333333,44.71183333333333,2.0050833333333333,209.31666666666663,916.7328983333332,693.0,0.0,31.38383333333333,31.079666666666665,45.869166666666665,43.6825,,,,,
2024-08-25 12:00:00,,,,,,33.656333333333336,34.5385,3.1606333333333336,204.4283333333333,916.5982533333332,785.705,0.0,33.8255,33.478,35.7,33.43266666666667,,,,,
2024-08-25 13:00:00,,,,,,34.86583333333333,28.107333333333333,3.7786,206.72666666666663,916.33677,830.2,0.0,35.026666666666664,34.6985,29.06433333333333,27.186666666666667,,,,,
2024-08-25 14:00:00,,,,,,35.238166666666665,24.9695,4.860766666666667,220.82666666666668,916.383385,820.9599999999999,0.0,35.4125,35.07266666666667,25.722666666666665,24.3225,,,,,
2024-08-25 15:00:00,,,,,,34.9415,27.759666666666664,4.1732,228.2383333333333,916.33708,752.5716666666667,0.0,35.113166666666665,34.77133333333334,28.439,27.160666666666668,,,,,
2024-08-25 16:00:00,,,,,,35.099000000000004,28.0345,3.5938833333333333,227.7516666666667,916.3323983333332,637.4483333333334,0.0,35.2595,34.92266666666667,28.658666666666665,27.47283333333333,,,,,
2024-08-25 17:00:00,,,,,,34.977833333333336,31.9735,3.0858,235.28333333333333,916.2949133333332,479.62,0.0,35.13283333333333,34.813,32.61116666666667,31.405166666666663,,,,,
2024-08-25 18:00:00,,,,,,34.212833333333336,33.58316666666666,2.917283333333333,237.42,916.3502133333332,299.4583333333333,0.0,34.36816666666667,34.05433333333333,33.972833333333334,33.207166666666666,,,,,
2024-08-25 19:00:00,,,,,,32.77816666666667,35.986,1.8589666666666669,228.6083333333333,916.4065816666666,112.85913333333332,0.0,32.929833333333335,32.61866666666666,36.30316666666667,35.66766666666667,,,,,
2024-08-25 20:00:00,,,,,,29.700666666666667,43.91433333333334,0.9844666666666666,201.24166666666667,916.669,2.2434333333333334,0.0,29.864166666666662,29.547,44.18716666666667,43.63866666666667,,,,,
2024-08-25 21:00:00,,,,,,23.337666666666667,70.14116666666668,0.4411166666666666,95.134,917.3345633333332,0.0,0.0,23.512833333333333,23.1665,70.64766666666667,69.63733333333333,,,,,
2024-08-25 22:00:00,,,,,,20.51183333333333,80.565,1.5456666666666663,185.19333333333333,918.3371083333332,0.0,0.0,20.66916666666667,20.355,80.85633333333334,80.26416666666667,,,,,
2024-08-25 23:00:00,,,,,,19.416666666666668,85.00283333333333,1.01735,160.02066666666667,918.93607,0.0,0.0,19.569666666666667,19.256833333333336,85.3125,84.70633333333333,,,,,
2024-08-26 00:00:00,,,,,,20.515,81.87650000000001,1.8763833333333333,190.2516666666667,919.4575633333334,0.0,0.0,20.680333333333333,20.34916666666667,82.211,81.56883333333333,,,4.731286114732807,5.677543337679368,1.2
2024-08-26 01:00:00,,,,,,20.018666666666665,84.82433333333333,0.75775,145.02115,919.0753266666668,0.0,0.0,20.168166666666664,19.86233333333333,85.09316666666668,84.54866666666666,,,,,
2024-08-26 02:00:00,,,,,,19.257166666666667,86.51666666666667,1.33885,158.53166666666667,919.376805,0.0,0.0,19.418333333333333,19.09766666666667,86.815,86.20833333333333,,,,,
2024-08-26 03:00:00,,,,,,20.267166666666665,83.385,0.98785,156.97666666666666,919.550445,0.0,0.0,20.40716666666667,20.109,83.66499999999999,83.08999999999999,,,,,
2024-08-26 04:00:00,,,,,,20.3315,75.08099999999999,1.4454,226.09666666666664,920.1068266666666,0.0,0.0,20.490333333333336,20.160166666666665,75.50916666666667,74.66683333333334,,,,,
2024-08-26 05:00:00,,,,,,20.01083333333333,75.56416666666668,2.6121833333333333,216.27,920.5571283333334,0.0,0.0,20.15266666666667,19.86233333333333,75.75949999999999,75.372,,,,,
2024-08-26 06:00:00,,,,,,19.80033333333333,79.15733333333333,2.10515,208.44333333333333,921.6515883333334,0.0,0.0,19.950333333333333,19.64466666666667,79.32183333333333,78.9755,,,,,
2024-08-26 07:00:00,,,,,,19.4655,81.85883333333332,0.9313666666666668,180.71833333333333,921.8348516666666,1.3158833333333333,0.0,19.61433333333333,19.317666666666664,82.115,81.6005,,,,,
2024-08-26 08:00:00,,,,,,20.213833333333334,79.81033333333333,0.9860666666666666,250.7383333333333,921.3174866666668,66.94495,0.0,20.362166666666667,20.070666666666668,80.13449999999999,79.50716666666668,,,,,
2024-08-26 09:00:00,,,,,,21.33983333333333,78.59133333333332,1.35295,301.69,920.8025183333334,211.4833333333333,0.0,21.503833333333333,21.19033333333333,79.14166666666667,78.077,,,,,
2024-08-26 10:00:00,,,,,0.0,23.909666666666663,67.47983333333333,0.9708,253.6723,920.5484183333334,433.58,0.0,24.08083333333333,23.745166666666663,68.33283333333334,66.6805,,,,,
2024-08-26 11:00:00,26.61601,22.51666,18.3,12.56667,0.0,27.24566666666667,54.15333333333333,1.2910666666666666,202.72673333333333,920.90009,657.4783333333332,0.0,27.40583333333333,27.081000000000003,55.167,53.23416666666667,,0.4012655344655343,,,
2024-08-26 12:00:00,,,,,0.0,29.7915,44.5965,1.390966666666667,255.3348333333333,920.6547333333332,709.52,0.0,29.971666666666668,29.61916666666667,45.63916666666667,43.60716666666666,,,,,
2024-08-26 13:00:00,,,,,0.0,30.915000000000003,40.29933333333334,1.69645,280.61,920.5186283333334,748.6931034482758,0.0,31.08483333333333,30.752166666666664,41.56,39.325833333333335,,,,,
2024-08-26 14:00:00,,,,,0.0,32.029333333333334,38.92533333333333,1.8290166666666667,295.0602666666666,920.2674133333334,817.2900000000001,0.0,32.200833333333335,31.857166666666668,40.00066666666667,37.91616666666666,,,,,
2024-08-26 15:00:00,31.655425,22.3,18.3,12.575,0.0,32.76766666666666,35.4125,1.7916333333333334,302.075,919.9252216666666,683.7166666666667,0.0,32.94266666666667,32.60466666666667,36.426,34.466833333333334,,0.4095904095904094,,,
2024-08-26 16:00:00,30.393425,22.275,18.3,12.55,0.0,32.99216666666667,32.98083333333333,2.093533333333333,245.265,919.4254616666666,601.55,0.0,33.158,32.819,33.781333333333336,32.2515,0.6264474178752553,0.4115884115884115,,,
2024-08-26 17:00:00,29.758925,22.208335,18.3,12.55,0.0,32.549166666666665,34.18416666666667,2.5802,204.13,919.0523983333334,437.52333333333337,0.0,32.720333333333336,32.38283333333333,34.77616666666667,33.63283333333333,,0.4142523476523475,,,
2024-08-26 18:00:00,29.21469,22.15833,18.266665,12.525,0.0,32.11966666666667,34.839000000000006,2.16005,177.68833333333333,918.4919283333334,307.12166666666667,0.0,32.284666666666666,31.968166666666665,35.484,34.26083333333334,,0.4185816183816188,,,
2024-08-26 19:00:00,27.89014,22.1,18.275,12.55,0.0,30.336333333333336,41.619166666666665,3.1049,165.65666666666667,918.2568,122.1255,0.0,30.5005,30.1925,41.986,41.2905,,0.4195804195804196,,,
2024-08-26 20:00:00,25.71729,22.108335,18.291665,12.533335,0.0,25.89033333333333,52.142500000000005,4.550683333333334,181.15666666666667,918.85463,1.93575,0.0,26.038666666666664,25.737,52.37083333333333,51.92716666666667,,0.4192473526473526,,,
2024-08-26 21:00:00,23.40474,22.1,18.3,12.591665,0.0,23.1215,67.52033333333333,4.76625,177.94666666666666,919.9888116666666,0.0,0.0,23.269333333333336,22.976666666666667,67.79666666666667,67.26333333333334,,0.4169164835164832,,,
2024-08-26 22:00:00,21.120325,22.1,18.283335,12.558335,0.0,21.64133333333333,75.87633333333333,3.231183333333333,164.56166666666667,920.4449533333334,0.0,0.0,21.790000000000003,21.48133333333333,76.08833333333334,75.64899999999999,,0.418914285714286,,,
2024-08-26 23:00:00,20.44508,22.1,18.3,12.55,0.0,21.641166666666667,69.45433333333334,5.178866666666666,167.01166666666668,920.7333766666668,0.0,0.0,21.784666666666663,21.4905,69.63116666666666,69.2825,,0.4185814185814184,,,
2024-08-27 00:00:00,20.576410000000003,22.1,18.3,12.6,0.0,21.557,71.90383333333332,4.1294,177.59,920.5715983333332,0.0,0.0,21.70733333333333,21.3965,72.09400000000001,71.73566666666667,,0.4165834165834166,4.377691840906651,5.253230209087982,1.2
2024-08-27 01:00:00,,,,,,20.296,78.133,1.1407333333333334,281.93833333333333,921.3738833333332,0.0,0.0,20.4515,20.146666666666665,78.36,77.92083333333333,,,,,
2024-08-27 02:00:00,,,,,,19.587333333333333,82.40966666666667,0.779,228.2483333333333,921.49655,0.0,0.0,19.732166666666668,19.432333333333336,82.62583333333333,82.20599999999999,,,,,
2024-08-27 03:00:00,,,,,,19.327166666666667,85.04166666666667,0.7154166666666666,136.5476666666667,921.5028283333334,0.0,0.0,19.476333333333333,19.176,85.24,84.85166666666667,,,,,
2024-08-27 04:00:00,,,,,,19.041,87.05666666666666,0.9042333333333332,118.5107,921.1844866666668,0.0,0.0,19.1865,18.89816666666667,87.27166666666668,86.83500000000001,,,,,
2024-08-27 05:00:00,,,,,,18.43433333333333,88.74166666666666,1.5527833333333334,49.99183333333334,920.8839083333334,0.0,0.0,18.58333333333333,18.282833333333333,88.97833333333332,88.51166666666667,,,,,
2024-08-27 06:00:00,,,,,,17.36466666666667,93.99333333333334,1.1428833333333333,80.52483333333333,921.1794066666666,0.0,0.0,17.523,17.2185,94.17666666666668,93.82333333333332,,,,,
2024-08-27 07:00:00,,,,,,17.583166666666667,95.00666666666666,0.5859833333333333,97.96083333333333,921.3332283333332,16.63703333333333,0.0,17.714333333333332,17.43566666666667,95.195,94.82333333333332,,,,,
2024-08-27 08:00:00,,,,,,19.594833333333334,86.24366666666667,1.43575,137.285,921.5950883333334,164.102,0.0,19.744666666666667,19.452,86.54516666666667,85.95866666666667,,,,,
2024-08-27 09:00:00,,,,,,22.290000000000003,72.89366666666666,1.8655,144.32999999999998,921.7898466666668,389.605,0.0,22.44816666666667,22.13283333333333,73.5245,72.35083333333334,,,,,
2024-08-27 10:00:00,,,,,,24.070666666666668,65.04583333333333,1.625916666666667,193.75333333333336,922.0909733333334,566.855,0.0,24.228,23.91033333333333,65.7885,64.31133333333334,,,,,
2024-08-27 11:00:00,,,,,,25.747666666666664,58.585166666666666,1.880966666666667,208.84,922.4041583333332,654.2216666666667,0.0,25.9235,25.5645,59.36233333333333,57.89266666666666,,,,,
2024-08-27 12:00:00,,,,,,26.579,54.79083333333333,1.4374166666666668,233.72311666666667,922.3288183333332,645.2083333333334,0.0,26.747666666666664,26.4115,55.621,54.073166666666665,,,,,
2024-08-27 13:00:00,,,,,,27.811666666666667,51.29516666666667,1.1969999999999998,184.86373333333333,921.815065,784.865,0.0,27.972666666666665,27.630166666666664,52.13066666666667,50.57966666666667,,,,,
2024-08-27 14:00:00,,,,,,28.68616666666667,49.524166666666666,1.1244666666666667,203.77606666666668,921.2351416666668,769.73,0.0,28.867,28.505,50.305166666666665,48.824,,,,,
2024-08-27 15:00:00,,,,,,30.084666666666667,44.28816666666667,1.2322,198.3625,920.5946483333332,762.9783333333332,0.0,30.2445,29.918666666666663,45.0515,43.5675,,,,,
2024-08-27 16:00:00,,,,,,30.6035,42.9525,1.08075,105.31776666666666,920.1494616666666,645.3383333333334,0.0,30.789166666666667,30.4275,43.777,42.22366666666667,,,,,
2024-08-27 17:00:00,,,,,,29.64,48.9005,1.5726,65.96266666666666,919.7981766666668,418.2633333333333,0.0,29.81033333333333,29.474666666666668,49.618833333333335,48.18716666666667,,,,,
2024-08-27 18:00:00,,,,,,28.06833333333333,57.58683333333333,1.6051333333333335,62.829166666666666,919.2620066666666,219.78333333333333,0.0,28.223166666666668,27.9105,58.11583333333333,57.04383333333333,,,,,
2024-08-27 19:00:00,,,,,,28.206666666666667,50.4395,2.4144,165.59283333333332,918.976185,103.48843333333336,0.0,28.37133333333333,28.04583333333333,50.7595,50.13066666666667,,,,,
2024-08-27 20:00:00,,,,,,25.3355,61.95283333333334,2.1011333333333333,169.98,919.1706716666666,0.7172333333333333,0.0,25.48933333333333,25.17983333333333,62.163,61.7635,,,,,
2024-08-27 21:00:00,,,,,,23.77733333333333,68.11,2.281566666666667,156.69166666666666,919.5342433333334,0.0,0.0,23.924666666666667,23.6275,68.291,67.94,,,,,
2024-08-27 22:00:00,,,,,,22.40483333333333,74.7165,1.9014166666666663,176.44166666666666,919.6715766666669,0.0,0.0,22.565,22.235333333333337,74.96016666666667,74.47316666666667,,,,,
2024-08-27 23:00:00,,,,,,21.710500000000003,80.141,2.525233333333333,186.5583333333333,919.4391233333332,0.0,0.0,21.861,21.55483333333333,80.35233333333333,79.941,,,,,
2024-08-28 00:00:00,,,,,,22.346666666666668,79.49050000000001,1.4125666666666667,157.13333333333333,919.1589366666668,0.0,0.0,22.48733333333333,22.197166666666664,79.7,79.27983333333333,,,5.615674591394844,6.738809509673812,1.2
2024-08-28 01:00:00,,,,,,20.97683333333333,85.45166666666667,0.4580833333333333,160.81383333333332,918.912115,0.0,0.0,21.136000000000003,20.823500000000003,85.76333333333334,85.16166666666666,,,,,
2024-08-28 02:00:00,,,,,,18.757,93.85333333333332,0.37955,51.63838333333333,918.5896483333332,0.0,0.0,18.9045,18.614,94.12,93.58166666666666,,,,,
2024-08-28 03:00:00,,,,,,18.432333333333336,94.11666666666666,0.8570666666666666,89.13183333333333,918.1297116666668,0.0,0.0,18.59633333333333,18.272,94.40333333333334,93.83166666666666,,,,,
2024-08-28 04:00:00,,,,,,19.62283333333333,90.05833333333334,1.4220499999999998,134.682,917.9143916666668,0.0,0.0,19.765,19.47083333333333,90.27666666666669,89.84333333333333,,,,,
2024-08-28 05:00:00,,,,,,17.892333333333333,95.66,0.5717333333333333,59.015,917.77733,0.0,0.0,18.043333333333333,17.745333333333335,95.89333333333336,95.435,,,,,
2024-08-28 06:00:00,,,,,,17.47283333333333,96.05333333333331,0.5607000000000001,39.61383333333333,917.8267816666666,0.0,0.0,17.621166666666667,17.313166666666667,96.25166666666668,95.86166666666666,,,,,
2024-08-28 07:00:00,,,,,,17.864666666666665,95.76166666666668,0.63135,94.277,918.00534,16.459016666666667,0.0,18.005499999999998,17.7195,95.99166666666666,95.52333333333333,,,,,
2024-08-28 08:00:00,,,,,,20.785166666666665,84.74683333333334,1.92675,123.636,917.9557083333332,191.2733333333333,0.0,20.94233333333333,20.626166666666663,85.16033333333333,84.34933333333333,,,,,
2024-08-28 09:00:00,,,,,,24.113666666666667,68.51783333333333,4.209866666666667,163.03333333333333,917.572885,375.9333333333333,0.0,24.257,23.957,68.94633333333333,68.086,,,,,
2024-08-28 10:00:00,,,,,,26.42683333333333,57.5585,4.33795,171.46166666666667,917.4648833333332,556.1266666666667,0.0,26.58533333333333,26.270666666666667,58.082166666666666,57.09066666666667,,,,,
2024-08-28 11:00:00,,,,,,28.84933333333333,50.10633333333333,3.8392166666666654,166.7483333333333,917.1140583333332,696.5416666666666,0.0,29.031333333333336,28.668,50.6585,49.58883333333333,,,,,
2024-08-28 12:00:00,,,,,,30.917666666666666,45.79516666666667,4.619916666666667,169.89166666666668,916.4079083333332,789.6383333333334,0.0,31.096666666666668,30.749166666666667,46.38666666666666,45.24016666666667,,,,,
2024-08-28 13:00:00,,,,,,32.27466666666667,43.371833333333335,4.778899999999999,169.01000000000002,915.8498166666668,826.2833333333333,0.0,32.457166666666666,32.085,43.94283333333333,42.82366666666667,,,,,
2024-08-28 14:00:00,,,,,,33.077666666666666,41.1245,4.84685,168.645,915.3636016666666,805.3066666666667,0.0,33.267,32.8825,41.736666666666665,40.54383333333333,,,,,
2024-08-28 15:00:00,,,,,,33.602833333333336,38.80866666666667,5.425466666666667,175.48166666666663,914.6018116666668,737.3283333333333,0.0,33.79833333333333,33.413333333333334,39.39183333333333,38.21416666666666,,,,,
2024-08-28 16:00:00,,,,,,33.574333333333335,40.805166666666665,5.2471000000000005,161.78166666666667,913.9203816666668,615.2366666666666,0.0,33.751333333333335,33.38733333333333,41.17266666666667,40.43233333333333,,,,,
2024-08-28 17:00:00,,,,,,33.696,38.1675,5.204283333333334,161.44666666666666,913.4203366666666,457.4766666666666,0.0,33.86,33.526,38.538,37.832166666666666,,,,,
2024-08-28 18:00:00,,,,,,33.79983333333333,32.686166666666665,5.039016666666667,164.63666666666668,913.0171566666668,278.2583333333333,0.0,33.956,33.6355,32.96066666666667,32.41716666666667,,,,,
2024-08-28 19:00:00,,,,,,31.61233333333333,38.323166666666665,4.2320166666666665,160.07999999999998,912.9834533333334,81.33448333333334,0.0,31.7735,31.462,38.50866666666666,38.162666666666674,,,,,
2024-08-28 20:00:00,,,,,,29.156166666666664,43.8965,4.056583333333333,159.46666666666667,913.2982833333332,0.4479,0.0,29.298166666666667,29.008666666666667,44.05116666666667,43.7685,,,,,
2024-08-28 21:00:00,,,,,,27.7775,48.279,5.679266666666667,166.65166666666667,913.705785,0.0,0.0,27.916666666666668,27.64,48.44116666666667,48.15566666666667,,,,,
2024-08-28 22:00:00,,,,,,26.809166666666663,49.839666666666666,5.947683333333333,169.265,914.0127283333334,0.0,0.0,26.94683333333333,26.663166666666665,50.0065,49.70433333333334,,,,,
2024-08-28 23:00:00,,,,,,26.0025,50.93766666666667,5.601833333333333,169.15,914.1931066666668,0.0,0.0,26.14966666666667,25.8585,51.08616666666667,50.805,,,,,
2024-08-29 00:00:00,,,,,,24.801666666666662,53.80616666666666,4.7875,166.97833333333335,914.1152,0.0,0.0,24.9405,24.6525,53.97416666666666,53.66783333333333,,,2.8839629130919375,3.460755495710325,1.2
2024-08-29 01:00:00,,,,,,24.518500000000003,55.132,4.7552,170.86666666666667,914.165005,0.0,0.0,24.66466666666667,24.36583333333333,55.2935,54.99316666666667,,,,,
2024-08-29 02:00:00,,,,,,23.561333333333334,59.376,4.258683333333334,165.1616666666667,913.8244416666668,0.0,0.0,23.713666666666665,23.40683333333333,59.53733333333333,59.2295,,,,,
2024-08-29 03:00:00,,,,,,22.49383333333333,63.714666666666666,4.757316666666667,165.31,913.5392266666668,0.0,0.0,22.6455,22.34233333333333,63.87883333333333,63.56766666666667,,,,,
2024-08-29 04:00:00,,,,,,22.10633333333333,65.1835,4.6187000000000005,165.435,913.3787616666668,0.0,0.0,22.262,21.9565,65.34866666666667,65.03283333333333,,,,,
2024-08-29 05:00:00,,,,,,22.30875,63.96812499999999,4.571854166666667,171.4645833333333,913.1601729166669,0.0,0.0,22.452708333333334,22.16270833333333,64.14375,63.83104166666666,,,,,
2024-08-29 10:00:00,,,,,0.0,,,,,,,,,,,,,,,,
2024-08-29 11:00:00,,,,,0.0,,,,,,,,,,,,,,,,
2024-08-29 12:00:00,,,,,0.0,,,,,,,,,,,,,,,,
2024-08-29 13:00:00,,,,,0.0,,,,,,,,,,,,,,,,
2024-08-29 14:00:00,24.411295,22.416665,18.2,12.55,0.0,,,,,,,,,,,,,0.4099234765234764,,,
2024-08-29 15:00:00,25.46004,22.425,18.208335,12.55,0.0,,,,,,,,,,,,,0.4092573426573424,,,
2024-08-29 16:00:00,25.479385,22.35,18.2,12.583335,0.0,,,,,,,,,,,,,0.4112553446553448,,,
2024-08-29 17:00:00,23.463265,22.316665,18.2,12.6,0.0,,,,,,,,,,,,,0.4119214785214788,,,
2024-08-29 18:00:00,22.463115,22.3,18.2,12.591665,0.0,,,,,,,,,,,,,0.4129204795204797,,,
2024-08-29 19:00:00,21.278135,22.3,18.2,12.525,0.0,,,,,,,,,,,,,0.4155844155844157,,,
2024-08-29 20:00:00,17.71738,22.3,18.2,12.591665,0.0,,,,,,,,,,,,,0.4129204795204797,,,
2024-08-29 21:00:00,13.22359,22.3,18.2,12.583335,0.0,,,,,,,,,,,,,0.4132533466533467,,,
2024-08-29 22:00:00,11.759795,22.31667,18.2,12.566665,0.0,,,,,,,,,,,,,0.4132533466533467,,,
2024-08-29 23:00:00,10.441385,22.3,18.2,12.54167,0.0,,,,,,,,,,,,,0.4149182817182817,,,
2024-08-30 00:00:00,9.6574415,22.3,18.166665,12.541665,0.0,,,,,,,,,,,,,0.4162505494505493,,,
2024-08-30 01:00:00,9.1567995,22.325000000000003,18.2,12.55,0.0,,,,,,,,,,,,,0.4135864135864133,,,
2024-08-30 02:00:00,8.720925,22.3,18.2,12.566665,0.0,,,,,,,,,,,,,0.4139194805194806,,,
2024-08-30 03:00:00,8.5975665,22.30833,18.2,12.566665,0.0,,,,,,,,,,,,,0.4135866133866133,,,
2024-08-30 04:00:00,8.2720245,22.3,18.18333,12.525,0.0,,,,,,,,,,,,,0.4162505494505493,,,
2024-08-30 05:00:00,7.843925,22.3,18.2,12.55833,0.0,,,,,,,,,,,,,0.4142525474525476,,,
2024-08-30 06:00:00,7.070533,22.25833,18.166665,12.575,0.0,,,,,,,,,,,,,0.4165836163836163,,,
2024-08-30 07:00:00,6.912991,22.25,18.2,12.541665,0.0,,,,,,,,,,,,,0.4169164835164836,,,
2024-08-30 08:00:00,9.4069,22.274995,18.15,12.55833,0.0,,,,,,,,,,,,,0.4172497502497502,,,
2024-08-30 09:00:00,12.65593,22.3,18.11667,12.58333,0.0,,,,,,,,,,,,,0.4165834165834166,,,
